PreviousTab,182.7812448,375.1471431,244.0885603,367.212896,306.9368116,320.3754316,347.0929444,277.0270267,369.9807716,250.5526311,275.8680185,225.1237732,285.2015308,168.0856823,278.5353934,218.047667,272.2045398,260.1166349,233.4610068,209.8866603,245.3861642,155.0333755,238.7058642,214.5567337,234.9972863,247.2692668,192.3661992,206.0064333,201.2317587,154.3751492,201.9081663,211.3622309,201.5964542,242.1331348,150.2965233,213.7503087,158.444756,174.4718263,169.2351598,209.2307385,174.9070147,233.4393892
PreviousTab,260.7752438,318.6721465,303.0925283,308.2581338,340.7179838,277.3540359,370.7516211,248.3952922,398.5644918,231.7291821,323.4395154,225.9934152,345.1178055,206.3023202,344.9621342,226.1446061,344.2168547,236.3645677,299.3830389,218.6218703,321.4621422,202.5365926,313.1246636,244.5328013,307.4400022,258.2218385,274.9976026,216.373291,295.4451169,202.519419,289.7153898,243.9946819,284.2848322,257.1157553,250.5019502,217.9539398,268.617769,203.3042937,270.6608376,231.7969291,266.7802308,244.2270494
PreviousTab,136.7790222,286.9290061,188.5845173,278.0276418,231.2852767,250.4229866,257.7621695,224.9199038,271.4990848,212.1376873,202.0540145,189.5768241,211.3512209,151.529667,203.4066946,188.20197,199.2694235,210.37863,174.5616275,183.0544821,181.5967983,149.948801,176.0260757,198.5965315,172.0627586,217.0654558,145.1277849,182.2188552,152.3065361,151.6338818,153.6676387,197.3398629,151.5554653,215.3043389,112.8584818,185.1371193,122.8031502,158.3502492,131.4757601,187.2233743,132.7817385,204.2045639
PreviousTab,89.14444338,311.7907697,132.5071478,301.795441,174.968911,272.463893,209.5201684,250.8148279,245.4158622,247.9916764,152.7485808,215.350734,166.7803219,189.2703662,160.716152,215.1457602,158.7965157,228.3952534,125.9996731,208.8480342,142.8509601,192.7527528,133.8506279,231.8320119,130.85782,243.8347516,99.8448528,210.0476735,117.7002672,199.2630848,113.3692704,238.3746355,110.2724256,250.201402,76.12051359,216.331652,91.51231477,207.3746087,96.46582089,230.194873,97.06959262,235.3851139
PreviousTab,131.4281242,325.0514302,193.1169388,318.0827729,254.4727593,274.0189427,308.5301175,237.1376867,365.7699239,224.4730658,220.3676293,198.1962742,224.5111953,163.9325581,212.2885756,209.3380379,208.6651808,229.5964121,177.133371,185.5840664,182.6539149,164.9604593,171.2607477,226.0308569,170.709632,242.4646773,135.883574,182.3582109,142.3743544,167.5207634,139.3695341,228.3516771,140.4432906,246.6317137,96.40840686,184.7513657,103.427486,171.10434,107.7068303,216.3039075,107.0393822,237.210742
PreviousTab,125.4615072,313.5490732,170.8725421,296.7061346,207.4206734,266.0566207,242.6447914,241.8702072,283.6814747,236.3207667,178.8678937,224.1391199,191.4183125,194.944293,184.632226,224.9253084,183.0833774,240.6795056,151.9813905,218.6797152,163.339945,191.5855645,155.7242017,232.1565145,154.7946473,246.5756167,126.6073403,218.5817036,136.4378464,194.2786547,132.7862198,235.0802143,132.0182336,250.0554002,101.9791997,221.9892646,108.8470006,203.3104805,111.1369212,233.2956885,111.1225876,248.1290129
PreviousTab,323.3320016,300.5900054,365.8068304,297.5747859,408.855539,268.0572528,441.283353,246.8215848,472.334832,241.8111542,392.1040659,191.1834849,396.0082091,194.7986209,379.0414058,225.2203147,371.7933676,231.654797,361.4492056,180.379004,370.6705304,194.2206109,359.6185497,232.7334217,359.5275189,233.779668,332.0070412,179.2587428,345.0478599,194.5295456,340.6613022,232.9015557,340.0724785,234.6537728,304.7905471,184.4842577,317.3066188,195.5260168,320.8047294,226.5226123,319.3494736,231.2681674
PreviousTab,164.5885753,281.1203901,219.0526017,282.0564636,270.2473621,249.3786256,303.9427838,215.8227815,328.9281791,195.1530905,241.1833159,176.4517903,247.2749744,141.4719627,234.8749227,185.9305053,230.6112183,210.3686068,207.5265243,166.4797657,215.5979785,140.9035349,204.4660095,196.44701,201.9229533,213.0509163,172.7179733,163.3559499,182.366502,141.0572602,178.495993,195.7077725,176.6918988,213.5679053,137.45667,163.6393934,148.6129203,145.392762,154.285195,182.5275615,154.3764218,199.2016613
PreviousTab,108.5157714,307.4954585,156.5922538,302.0201072,203.7716104,266.0271659,245.1142198,236.6883384,275.9920605,223.0424114,157.9541355,203.1698368,170.2319126,166.8036629,166.1062855,210.135056,161.2540646,233.0238331,123.6659478,195.2448578,136.5848799,166.0774356,132.2114615,220.8815805,127.41471,238.8673309,90.82118628,196.422218,101.9644159,166.9142991,103.868006,219.1753784,102.6797444,240.743464,61.12400005,203.2731354,64.84609901,177.4043456,73.39204498,211.1505374,78.14911221,231.2399047
PreviousTab,343.2469734,247.9871002,380.1773479,252.0622152,417.6864048,240.3216121,449.8543378,227.1290383,477.8705828,224.2588134,406.2185951,193.7549068,423.2394474,174.6181737,407.5246566,197.7538205,401.3836656,207.1430132,387.4780823,180.2797051,406.9028642,166.0385413,387.3802237,198.5577109,379.2157452,208.3000794,367.7418586,169.8243387,387.3599686,155.9526,372.4054083,189.1585243,364.8798005,200.0744505,345.5570451,160.9364999,364.2553165,147.2271638,360.3486637,170.7719639,355.2108254,182.4515324
PreviousTab,145.936459,281.7942452,174.2786688,259.5706179,194.5139013,228.4835368,216.2482936,205.1653848,249.6719956,194.5522227,166.6000538,200.2520552,163.6178288,178.3717375,163.7894989,203.4953911,166.3581683,216.4261897,143.1573607,203.188904,137.8692916,181.0435476,141.7367507,213.2487813,146.9845082,226.3346696,123.0250442,210.4148935,117.7594387,190.8231096,125.8360471,221.0298126,132.4522589,234.3080896,106.5672244,219.8354474,99.90749745,204.1501264,106.9408806,222.8276468,112.8784811,234.1088626
PreviousTab,96.99872957,325.2638403,119.1434461,311.5654456,134.8287716,282.2600359,147.4279886,257.4023495,169.6415764,243.3072416,121.8062686,251.8823279,108.4109186,240.1215553,106.6515527,264.0919727,110.640322,275.8172098,101.3360328,255.5859751,85.99761438,250.204952,90.5259527,278.103203,98.71338451,284.5996312,84.20545044,262.2178549,70.29107947,261.5176764,78.7329252,286.6590801,87.34560092,292.6906157,69.26712305,268.7852217,60.91769132,267.4051003,67.68863199,285.0808459,73.11714808,291.4652157
PreviousTab,369.1489452,433.5885651,409.6692224,429.8706964,448.8796648,404.4707441,483.5977545,387.5228755,520.4671378,383.8882333,434.820165,344.9286639,452.6745649,361.3159935,431.826168,387.8452324,419.6258707,385.6739555,406.7516139,336.4553004,424.6312131,362.2973995,406.0441724,390.0377255,400.805743,380.0550032,378.9633656,334.9076098,397.4176941,358.7986182,385.5908211,386.2945369,380.8655513,378.6061087,351.7804111,339.9421685,369.8877069,357.9745715,366.9494839,384.1271374,358.8365095,382.8908304
PreviousTab,201.5224824,234.7769344,234.3598287,233.4791899,264.1761405,216.9653919,287.5719835,200.860986,310.4418262,196.3457236,256.4270882,184.8027111,267.6956716,159.5042743,258.0378339,181.260701,252.7301631,195.154029,236.6696981,177.6942149,245.2117647,153.9113099,234.0009629,183.3494068,230.7735733,196.0713546,217.3426362,174.0565981,223.2620479,154.8315715,216.0242885,185.142866,214.1446952,197.7071608,197.6880332,172.5749875,202.9276348,160.5601439,201.072941,182.1846113,199.8295519,192.9258509
PreviousTab,259.3763251,346.8899063,309.1888036,323.4392065,345.3586529,276.0118572,374.2551416,240.1942692,409.4387371,220.0027247,319.5318967,213.3633949,340.3643132,203.1405885,332.9348166,245.9237997,325.3512726,257.8175667,286.9680911,212.3307458,307.2609142,209.8831113,302.1887663,259.0529972,294.1715851,262.7158212,253.8055387,217.725426,274.4806264,218.1602905,276.3370617,265.8503158,269.23566,269.7830728,219.4152946,231.3082199,242.1721449,230.1609646,252.7264162,266.2315128,244.9982944,274.2724979
PreviousTab,211.2232245,328.253709,231.6787666,331.7295915,253.5315793,314.346068,270.9718045,297.4197795,291.5917988,285.1487294,243.7197513,276.4216294,236.7239526,290.2444097,229.7240431,307.3758236,228.7266931,308.1928203,224.8370444,273.0179656,219.2578284,294.148092,216.7508288,312.063542,220.3866235,310.8492454,207.8791668,274.9793362,204.5876097,296.6435084,205.1053712,312.8689103,209.1226955,312.8278117,193.145005,280.4267816,193.0481549,294.227702,194.1823968,308.7314163,195.787413,311.7257872
PreviousTab,102.9884332,350.0297475,132.8591826,334.6869907,153.5988086,304.9924406,167.6993018,276.2923603,187.8500239,258.1199713,135.8262782,277.5652543,133.9874944,254.4114218,130.2536412,276.9738227,129.7934984,287.4622085,114.8751445,278.4144535,112.7396722,260.0298063,112.0284251,291.200083,113.6902187,300.1597451,95.99397606,282.1185152,93.88775426,268.1622398,97.51698611,297.6812325,99.87002686,306.1768621,77.89118595,286.9121396,79.31121229,277.7642095,85.25975436,296.499332,87.13675075,303.2362766
PreviousTab,248.940345,448.8701286,275.6981622,437.5066677,293.8712431,408.1918657,306.1029035,381.7197183,321.4804649,360.4956337,269.8275906,370.8717871,281.7414199,377.9508233,279.1587601,401.2020103,273.3320827,406.2569713,248.6828676,373.9419956,263.5901123,387.2105509,264.2595653,412.3521166,261.1404972,412.5036581,229.8458359,381.9854779,245.5610548,395.4824725,249.9195759,419.0398803,247.5979441,419.3273521,212.8701185,393.9652604,227.474593,402.9913576,235.7470245,421.4562146,233.8080149,424.8603347
PreviousTab,73.73893867,397.9934111,108.6980222,390.2312744,135.1992356,361.0748425,153.6203847,335.3661135,177.8435985,322.103085,126.8445194,323.3004229,126.7996297,303.6219937,119.7592515,329.7641938,118.7427886,340.4778824,103.8856804,321.4522706,102.6490188,307.3435945,98.79009061,339.7308841,100.3104088,345.4934186,81.45191502,322.3014991,80.37112397,313.8667561,81.09999938,345.3736078,83.23089859,351.4077584,57.38472777,324.9580226,62.0495691,319.3848333,65.04086034,342.3538519,63.95649915,348.987262
PreviousTab,196.2538364,187.8825143,227.076339,183.2367981,251.1839176,170.0483613,270.9350091,157.0238358,289.5461988,152.9117962,241.1488912,145.5170111,253.1556428,123.3144522,245.0533585,140.0888169,240.3272097,149.7260087,224.6381472,139.9426635,235.7487006,118.130176,225.7315902,142.4546787,221.3236382,152.7935991,208.7705878,136.5452099,218.0823533,118.1584882,211.005306,143.0851659,207.3212058,153.562209,192.7963489,134.176806,200.7939055,121.6800415,199.0219922,139.028512,196.5561057,148.3640085
NextTab,208.9189954,319.1017645,172.3532299,292.0864866,147.7727733,259.752996,126.1003274,235.5326896,101.2228064,225.4822079,178.4992549,217.2899466,197.1939651,207.3359766,203.0688189,215.4495957,203.2272579,219.0284051,210.6343255,216.1706989,229.5207001,215.7108699,229.656986,224.0767497,225.4041009,229.1228997,240.2135864,224.0482081,255.1241973,220.9750351,254.0101405,230.312427,249.8039937,237.6933512,264.6816361,237.1170408,279.2968227,229.6941844,278.8902823,237.3492578,275.5934266,245.7578995
NextTab,205.9270576,353.600788,164.7811714,324.7705641,137.1054148,291.7042784,111.4133859,266.507075,82.23525499,256.170317,168.3458754,247.8827488,186.9568571,228.8016872,195.7398668,236.1654589,197.0506485,240.803161,200.1961776,247.1279867,220.8923053,236.9771774,225.2070166,245.6639746,221.8638978,252.1856106,230.7944484,254.8189379,248.0493423,243.5141417,250.3729308,253.7735634,246.5814747,262.8686296,257.1587204,267.5847702,275.0509068,253.2723295,277.9519895,259.9933231,276.1334429,268.455317
NextTab,160.397502,343.8607351,127.38927,319.12436,105.850064,290.9873186,86.19845159,270.0142119,62.86137744,262.0514161,140.2825526,247.4126746,161.9315569,238.3924613,172.3244833,246.6590847,174.6961911,252.4731504,169.0887695,247.0170961,191.9093909,245.8591266,196.8218684,255.1510949,193.0533515,262.4753885,194.4442374,256.1030121,213.4206269,254.9121348,215.4946938,266.1346232,211.0956305,275.5573355,215.8150163,270.1723059,230.755115,266.9848938,229.1174245,279.094582,223.2922997,290.8148036
NextTab,171.8046322,342.9085517,140.5283613,322.1120108,119.5670539,294.829642,100.7511838,274.2721995,77.56068202,265.940327,148.0395095,249.4141876,172.0433396,238.6127841,178.2573951,248.001119,176.5227093,254.9448144,176.4162255,250.2044288,198.1302468,245.2160612,200.9031286,254.2957376,196.7848702,260.8079767,201.4505465,259.4258581,218.1157169,254.0009555,219.8622619,263.1400316,216.2079908,271.1630782,221.7354473,273.6314757,234.9134188,265.4566552,234.9122677,274.3210426,232.1354986,283.5753897
NextTab,306.1025515,344.8680592,274.3561524,334.0489986,246.8919345,308.9420667,226.7313014,286.5470526,207.0323518,277.1370476,265.5184559,271.2224628,266.0475456,255.6101399,273.3349824,270.6479288,279.1058089,280.5381693,291.2285953,267.5093895,293.433031,260.8562629,293.6295697,277.227929,292.5477609,287.6727057,316.190194,269.3753173,315.533175,262.3288679,314.8134204,279.7934981,314.1335425,292.274215,338.5198291,274.9463518,338.9589628,260.4553648,339.6825752,258.7509051,340.4806016,255.4494656
NextTab,200.1223522,363.2845897,158.7951235,361.1823217,121.5330917,346.2785251,93.55453767,336.1127793,71.22238361,336.5758738,129.3247262,287.6826401,125.8307814,272.8834292,137.0029544,282.77469,144.063133,288.1667846,154.1680099,271.5733255,152.2971603,267.6708084,158.3409748,279.4972541,160.7374815,285.359092,179.9382597,266.1747669,174.8066494,264.2578407,178.7426224,278.4489526,182.3033309,286.9152327,203.9415696,266.8521328,196.4311266,266.4660314,196.7303356,282.7723082,199.1311422,292.4435287
NextTab,163.2707222,356.2673522,133.1684506,334.3903701,112.7224696,309.0478736,94.11189533,293.6550231,75.11568757,289.2854797,140.3801985,266.9183654,155.9060219,248.5839708,165.5246101,258.6717589,168.7356734,265.9560913,166.1364478,261.9241656,183.8938193,252.3283725,187.9509461,263.9019281,184.7193906,271.6276556,190.3613141,266.9345255,204.6017633,258.6798679,205.7341467,272.2385224,202.2023571,282.5807754,212.1528552,277.9320756,222.5559932,269.8407993,220.1230731,283.4609938,215.2428687,295.2024257
NextTab,184.9145532,350.9520128,152.5846313,331.3451111,130.7490269,303.53027,112.8100066,281.082689,91.14572367,272.4245279,151.6572219,258.3974928,178.2143665,245.4786792,186.0401699,253.3353845,184.3350814,259.5508196,180.0953513,255.5570015,207.1477128,250.9885173,211.872495,259.8239521,207.3198875,266.6745519,206.9416768,262.1173819,229.3611395,258.6502784,233.2560611,269.0960889,229.1025187,277.6161256,230.5974937,274.6068131,246.1675689,268.772725,246.6841436,281.3325565,243.0182542,292.3889871
NextTab,184.4749274,346.1698304,147.9455386,335.742563,117.6374382,313.0247099,93.61486979,296.4937591,69.48926704,290.42664,144.7290713,264.9608023,146.4816483,245.163616,153.5086513,257.0288604,158.0624176,263.9426811,173.3077714,257.6283457,175.3823309,248.646331,176.3019614,260.8273877,175.7889437,266.8160811,199.0977117,258.2521266,197.5436113,251.1931522,195.942725,263.6621239,196.2914439,271.2527992,220.9987429,263.7329412,217.8039842,256.7330221,214.5303575,269.0940716,214.7292498,277.383538
NextTab,101.7112792,358.3101804,74.89664454,345.9414759,54.82146293,327.2665301,36.42561917,316.3881616,18.49850423,314.8575223,70.52705471,280.4666044,86.81782097,268.2184475,95.92303922,277.1115462,98.35620858,283.9527993,91.83862343,273.6556332,110.4552566,268.1863441,116.356347,278.3358566,115.2447489,287.0902837,113.543542,276.4321772,128.8581042,271.1832153,132.8753887,283.2856826,131.6252678,294.1949794,134.3017502,284.5799816,143.6443655,278.5813359,143.9430307,290.1286783,142.0689039,300.602856
NextTab,294.248185,353.4850047,272.5837887,318.2802073,259.8646599,278.3055508,251.6719444,247.7275703,236.5046889,222.8535833,289.2466553,257.4425728,298.0932847,241.8717914,294.8854217,249.363376,295.8967071,254.1641984,313.9972274,268.5151846,314.9786221,260.9474649,305.581662,270.6141055,304.8806236,276.0003249,335.6224377,282.303457,333.7308866,274.7504404,325.1018128,285.0451768,325.6966897,291.3891017,354.3022402,297.1866602,351.2803726,288.5491897,344.28256,297.7412541,345.5623986,304.3568893
NextTab,245.7821035,362.7231116,221.3477947,334.2113766,204.8152543,296.8590542,193.8509195,269.0784251,175.7713499,248.3607029,231.9152758,268.2880483,241.6754662,256.4695636,238.3839601,269.7133596,237.2405822,276.8005449,257.7407188,275.7247463,261.0480114,270.6870131,255.0710056,281.7535813,254.9239607,286.8921826,281.3092318,286.6048581,280.6712183,280.1767825,275.2254643,291.7193521,276.6067449,298.101143,302.1912933,299.040468,298.1351214,291.1366674,292.3174511,302.3392827,293.8209143,309.1747693
NextTab,199.8786072,276.5022762,174.1628851,248.8174367,158.0563987,216.4485534,147.014717,191.7178752,130.0312551,173.9895523,185.3791661,184.2394893,197.4353323,172.5017824,194.445886,183.5085147,191.1506937,192.4202041,209.5743338,189.0362006,217.1368943,185.5952919,212.8559395,195.0454122,210.6935656,201.5635876,229.846658,199.1057739,233.7240698,197.1020531,229.6653278,205.4022791,228.5752638,211.1292945,246.3048017,211.08471,245.6966254,209.9266716,239.8831647,218.2938546,237.8574374,223.8432655
NextTab,170.1059853,221.9101496,149.0552467,190.3789147,139.0694354,160.8301268,130.9497101,137.2055485,116.0596719,121.8616374,154.5703584,125.7261049,185.6311102,123.3083541,188.0280381,136.5013831,180.4825709,144.1198224,175.5841294,129.6630626,203.3616573,135.1837075,202.9054402,146.3316095,195.5768849,149.4596666,195.4799254,140.1542906,217.2778132,146.3301931,216.6487483,156.7541739,209.10178,159.8415356,214.1012632,153.2189231,227.5356513,156.4710762,224.7957046,169.7784684,218.5059423,175.7998283
NextTab,196.1367067,463.8134899,173.6411227,436.47241,157.0877706,399.7528302,146.6848293,370.5800987,129.1955996,349.2661746,169.4707578,384.463112,190.2725183,349.3116876,191.0218876,367.7739634,185.2908868,383.024624,195.9392002,393.0907243,212.2997689,360.4226962,209.9882804,375.7185164,205.6384404,385.0953559,220.6297065,402.8430753,231.1731583,373.2795589,228.9558027,386.244279,225.7773792,394.7739403,243.6533265,413.0298223,244.61726,388.8894913,241.1317296,401.6382125,240.41582,410.7342012
NextTab,243.5689522,364.0531144,216.2013653,342.344075,199.2061796,315.6415641,186.7662234,292.3200697,169.7854741,276.0330947,222.8175068,288.1835066,240.296913,272.765637,241.5511812,283.7680073,238.2829025,292.6843783,244.4582297,292.260233,257.0093768,284.6218806,256.3289701,294.7647738,252.5744487,301.0068466,263.8568717,300.8383298,272.7914051,295.8754339,271.3739015,305.3963974,267.3754581,311.2135687,281.375243,311.7316653,284.2526537,306.8025891,280.8052761,317.1649784,278.0986532,324.3815711
NextTab,231.6428605,247.1775907,213.3170518,219.2378724,205.6427967,191.9727259,200.5687376,167.6556553,187.5881339,150.8041514,217.4715562,157.6621586,252.751524,160.292909,255.3913255,170.7330896,246.3685253,175.5331403,236.9396997,160.9884339,266.4720088,174.902664,266.5452777,182.66546,259.1519814,181.2341292,255.2393488,170.8693873,278.3015778,186.5885629,278.2490991,194.0144537,269.9770158,192.666014,273.4624703,183.6448009,287.7457144,194.827977,285.5082215,207.9221279,279.3210862,211.0965353
NextTab,255.2177906,412.8820623,228.1962107,391.798262,207.8567557,359.7723528,194.4851967,334.1471286,177.2338869,318.9916801,238.1505796,328.8017358,248.0521449,313.0161022,244.9105293,327.4779987,240.7345778,339.0792685,263.7058077,334.8730567,266.7126692,325.615941,264.0377988,337.7837816,261.6698244,346.6277717,285.0146828,345.4965456,283.6881147,340.1241484,280.8438417,351.1070162,279.1639577,359.2783339,302.3687021,358.6321765,295.6904989,354.0214216,290.6008192,366.652883,289.6442803,376.2461045
NextTab,245.3470056,289.0567457,222.6821189,265.7745257,211.6913756,240.5929262,204.7887258,216.7366784,193.185829,200.0027715,231.4045497,212.2088845,256.541823,201.4373982,259.9129168,212.8497797,253.8366482,221.0990385,249.9586845,216.9189154,269.1834859,215.8960422,269.2031508,226.3608254,263.2676196,230.4482006,267.0494449,226.9123667,281.5626645,226.2769472,281.1576543,236.0000571,274.6370828,239.7712229,283.3899593,239.915925,291.071128,237.5289664,288.0248031,248.2533069,282.8353268,253.7551501
NextTab,172.6168623,452.7003559,147.6991752,423.5970029,131.9158354,386.5045309,121.6609989,356.5180878,104.2957145,332.2511613,149.3836714,365.4210555,168.3198977,334.0046127,170.5689156,347.4497329,168.8238765,360.3891952,175.5338751,372.8408865,190.7520272,344.8726949,188.9627213,358.7581851,186.3472521,370.11469,199.5473433,382.6626502,209.6884817,357.5671705,206.4611581,370.4472197,204.0597607,381.5370649,221.0895514,393.6701808,222.5460961,373.081052,217.4428639,384.973268,216.272917,396.3645753
ScrollUp,"185.7354722298121,405.5819747809718,221.61689018878957,391.2221531856495,245.51389927585208,352.8554636461174,239.66974330977376,319.8113958253271,216.16381330270588,300.0929560781154,233.30471693544746,284.0872713027777,238.20230390424487,238.11410968708586,240.90329474610894,204.34178737670968,240.74747487927854,175.21439654926064,208.71068150092728,284.18948914399846,212.29898993488732,246.46748624094636,222.420200694396,281.6633843618279,223.33585102591087,309.34545617852393,182.63234594075925,290.8339115839593,183.5939700150485,256.3247801505303,198.06082125015027,291.2282792811142,200.6089167815288,318.4775619762432,154.4545143120399,304.336957458459,158.1102468548987,274.077340742994,173.34529836897335,292.58070442143867,178.94526461933503,315.75991530443093",,,,,,,,,,,,,,,,,,,,,,,,,,,,,,,,,,,,,,,,,
ScrollUp,155.9807358,393.196084,188.2904514,373.7526802,209.8309253,332.2643093,202.0885849,291.2189543,177.0581247,265.9648697,196.2763814,275.3118544,203.9928814,229.8546273,209.4709587,196.8743845,211.6349379,168.6580425,174.5009484,273.0899723,179.9022695,232.7887564,187.0958364,259.3919844,186.6635018,281.1933008,152.7834651,277.2804044,156.6507657,237.8238734,167.6549432,266.1985018,167.1884602,290.083843,129.2075739,287.843102,135.9143842,252.7337554,149.4783268,267.1347536,153.0043559,288.0408926
ScrollUp,350.613831,394.2673758,383.1274845,377.8140209,406.7855716,350.6668896,428.5590488,330.6906918,440.9714441,318.4670641,382.3891576,300.0361209,384.5003142,260.3912094,385.7434058,235.9139861,387.2916619,217.3730366,372.424055,298.4718671,402.7114583,271.5793711,416.8750652,295.7896318,415.6259618,315.2133177,365.0914669,302.7443584,395.3459247,279.5347828,407.0662771,303.7008479,403.0116592,322.7252885,359.2027968,311.4069445,382.6980023,291.6110608,394.4623932,305.0570026,391.3286675,319.9866453
ScrollUp,178.9058466,397.9998968,217.0873384,382.7710171,246.7580256,346.7316753,253.2529089,311.9282933,239.1890469,284.2262857,233.6421914,281.1102184,244.5483791,236.5048217,249.8180519,204.0400355,251.8457444,174.4363421,213.4113646,277.6569591,224.5471775,238.6700885,232.5802693,270.3371452,232.3838863,298.0430414,190.2696914,281.1067959,199.7936942,243.4544982,212.6834225,276.3761814,213.3917187,306.1256235,164.2055678,291.1043042,173.6052099,258.9984186,188.713463,276.2125233,193.584116,300.856843
ScrollUp,198.0260793,413.3578864,233.9812803,378.5091493,253.0528349,335.8086596,252.9003852,299.6538495,242.461491,282.9585942,226.2674336,292.5471128,232.92354,246.6475004,232.7218385,223.3419362,229.9923683,202.3952578,208.8386563,289.942888,239.1132052,263.076995,243.6860054,296.593946,235.8858246,312.8555171,196.0735263,293.4912842,224.8936975,270.9089557,227.111345,304.6848856,215.6771203,319.9225538,184.2950293,302.9381705,209.3939034,282.6201455,217.6179722,303.6338785,209.5825462,316.9747878
ScrollUp,81.37145835,407.0645412,118.3775857,371.7291554,138.9819789,326.3030695,121.4811878,287.2758636,85.30669924,271.2683194,114.8491333,269.4565776,115.018426,223.8586259,111.8348427,197.112567,107.1478334,173.3327229,90.30745253,269.4170442,92.47682347,234.3883501,99.71244662,268.7771113,101.6904463,291.7869195,67.79346451,276.6020475,69.01885083,243.6785729,81.49296442,280.5816133,82.58369446,304.619829,45.00235299,290.6177429,48.95375743,259.1749444,64.33615393,279.254766,69.65564013,299.0717886
ScrollUp,195.9664012,400.5797348,224.1319816,380.0806629,246.0237947,342.3498455,256.7727468,313.7888873,260.6314139,296.4759189,214.6883241,292.6538616,215.5681927,254.9476562,214.1632332,230.6943838,211.4448558,209.5470932,198.221392,295.3342207,225.0100738,276.2938289,233.7715325,312.6740516,227.6693164,333.6577378,183.4081534,303.1570967,210.540153,285.4397567,220.0517946,317.1534156,212.6266784,334.3798414,168.9199387,315.0216116,189.3316927,296.36127,202.1949959,313.1534598,198.8102338,325.6828094
ScrollUp,149.3012504,394.1305236,182.3605123,371.1284625,204.5890274,330.0897675,197.4539616,294.716986,171.1276873,279.2312373,180.0967592,281.6205431,177.3880904,236.3004298,175.221558,207.2544884,171.0429297,183.0397551,159.7087567,282.4217297,166.5568301,243.8742016,178.3066383,276.0841308,177.4366513,299.0493419,139.9540187,287.9050515,145.3640766,251.2240982,159.6246758,282.007305,158.8326061,304.222176,118.8631898,298.2741633,126.1771677,264.6613369,141.8798809,280.5644439,144.3113006,300.1222802
ScrollUp,76.09362664,421.0073395,112.0299508,384.8862797,131.0634861,342.3040504,115.0645035,299.9073557,82.10178021,278.6596591,114.8746214,295.4432658,124.9228508,250.9052503,131.3333396,218.777261,134.4151372,189.4087496,93.04320085,293.3384996,101.9443632,254.2894307,104.7864548,287.0781759,100.5820587,313.204979,71.92923473,295.9967219,78.95112151,257.7084328,84.2472219,291.1755215,79.24379871,316.5185165,48.85580934,303.7255299,56.13022087,266.755082,67.02349597,284.6660539,68.21922598,306.7064157
ScrollUp,185.468931,395.2277033,216.6677596,394.5976837,240.4845682,365.7104277,238.0410603,337.3021465,220.6173565,318.0773077,235.9420059,302.9347011,245.1453449,262.7927822,249.3070922,234.7627645,253.3424138,211.4561021,210.5418346,302.7512611,220.2336003,277.3582592,223.7738146,308.9087349,225.3867545,328.8935918,185.9690085,309.6492468,194.3358118,290.8121373,203.8132971,323.0341706,206.9037507,341.9651658,161.6938866,321.2361202,173.0199258,308.2007479,185.5080353,328.4498675,190.321222,343.6320965
ScrollUp,105.6569536,365.8398095,124.873284,343.5011414,131.6141919,308.7825945,123.6203224,273.6013932,116.8267305,246.0478276,149.5561469,273.6070578,153.2829583,233.7016832,150.7054805,210.3509033,147.4038005,191.9028988,130.5896646,278.5235126,114.9631988,253.1621208,109.6974433,278.3105897,112.6792826,291.0672451,111.9598527,285.8153378,95.48579126,272.4510926,94.73475451,297.7514585,99.68988741,308.2215664,94.78215072,294.2891736,85.48553743,288.7659031,86.28895784,305.7926673,88.99176682,313.6684096
ScrollUp,86.57392964,329.3004015,119.5240354,312.3807385,132.6494864,280.3493599,123.263193,245.0702667,103.960724,221.0380928,124.1497907,242.3271195,129.3746299,211.059366,129.0060635,193.0573206,128.3084561,177.6975518,100.8261093,243.2320076,103.0662072,226.3140374,103.6407476,252.4517797,102.1748795,265.3635903,79.62540786,249.5592562,81.91359056,239.8886475,86.00436325,267.7143753,85.35130926,279.9665542,60.92082994,259.4843148,66.81222764,254.5539854,72.50611581,274.7530789,71.00170002,285.5384938
ScrollUp,204.6268658,426.8908287,233.1742626,400.297212,244.2669453,362.5953304,237.2640468,331.6521266,220.5746598,313.7296802,221.7044614,323.5669051,231.1156139,287.3913556,238.761085,267.1676885,241.750342,249.8907807,202.1958887,326.8460236,217.1756763,298.2699832,228.4912982,326.484971,227.083385,342.5799766,184.6228548,336.2914182,201.1944223,313.6118173,215.4312757,341.6251515,213.4626756,357.1696709,169.1204638,350.2405983,187.7081542,332.602301,202.7407014,349.8781462,201.7923324,363.4108932
ScrollUp,244.8672515,463.9659366,275.9483898,428.4192625,286.1327306,386.3563854,284.9105626,354.0071679,281.1499376,333.2327732,251.4919231,349.4883657,256.0474178,307.7485941,262.7053257,284.2209216,266.8854243,264.3528965,232.6267037,356.1439804,255.9747456,332.026946,267.8033045,363.5474621,263.6646167,377.3892772,218.8670769,369.6746664,246.3838688,353.2306978,260.0778943,384.6083069,253.9674845,396.6490187,208.8606699,387.1922813,236.8453516,373.8963908,253.0792093,393.8309384,247.6730991,403.4796889
ScrollUp,50.05700571,409.9409679,75.15525682,377.6103235,83.04794666,342.1600819,75.64691291,305.0750273,67.01229012,277.0332349,87.42308445,314.7137718,81.37455079,276.3437193,73.95109483,254.3986562,66.70747295,236.1460217,69.32267358,320.7607881,50.55977044,298.1477598,49.16615243,326.4190419,51.72972403,340.565549,51.40260767,328.6943455,36.59853649,315.2044107,38.36726771,342.7062195,41.15385337,354.5988797,33.95133312,337.3905849,28.69310707,327.9336673,31.37072131,345.9809247,31.8602361,355.7984543
ScrollUp,71.69379367,305.0087483,92.76223931,282.6799374,100.2780008,253.7282166,96.07892713,223.4319201,91.67098117,203.6762484,119.1604177,233.812515,130.1924044,198.1711889,132.7748775,176.493735,133.783342,158.5541996,104.7612005,236.2444802,99.74766179,204.6868598,92.92010227,227.0285995,92.18090989,240.743688,89.18385981,240.1888058,77.71525207,214.7864785,74.70494423,237.0924522,76.99874061,249.2969051,73.44077098,245.9813786,63.38745708,228.5907025,62.84294065,242.9011188,65.02279105,252.9483011
ScrollUp,193.9979466,365.1391637,218.8402029,330.0503933,224.7072007,297.2172571,211.4817192,267.5743726,194.8851642,249.9987627,215.398015,264.3321357,212.9280481,224.4235304,211.4010202,197.642118,210.0867016,175.8485184,197.2821742,269.819262,196.8904258,246.0210444,204.7454483,268.4026595,208.4183383,281.4965291,180.8470568,281.0880965,181.4435446,267.8379013,191.729989,293.2044774,195.1493259,306.4788198,166.3111567,296.1306332,171.6782516,287.6268016,182.433482,304.0954467,185.6714817,314.1605092
ScrollUp,184.4233504,387.6571366,216.6333645,359.4067548,229.5324727,321.715645,225.4087023,286.1777589,218.3934898,264.8879967,213.8566203,289.8975573,215.2947127,250.7961793,214.9999283,231.4962499,213.4994852,215.4954318,192.066285,293.4824418,198.793227,266.7049804,205.4450049,298.7096102,205.4529246,312.2625071,173.1654752,301.6085328,179.5004216,282.631315,188.7687756,315.2235635,188.6320267,327.7837629,155.9436999,312.8018938,164.88198,299.7087404,176.1128616,321.2051354,176.1985371,331.0574029
ScrollUp,164.7945283,331.2142463,203.0940603,299.430235,216.8035564,262.8269255,214.4204491,228.5648803,210.6029939,207.8288405,223.2202184,242.5178736,231.2492069,202.8737841,234.4349584,181.0374769,237.3305615,163.5002748,202.1980201,245.7099401,205.278627,216.5141876,200.970331,245.0249105,199.7169726,263.7006781,181.7417473,251.3176517,181.9724257,226.4605945,180.9102275,256.897807,181.4589116,275.8488743,161.4772746,258.8116079,161.880241,241.1341083,163.8136921,260.4350875,165.2486498,274.8618692
ScrollUp,248.0520485,444.9603009,272.8386289,416.1122396,278.5501572,377.6695539,265.4090118,349.2817728,246.9845071,335.7107924,252.6330059,340.3063879,255.4164462,302.455363,257.5610413,282.8919279,256.9863994,267.3195363,230.8778985,348.4451343,244.9780583,325.2641231,256.3660938,355.872661,254.0369182,368.2896429,213.9246614,362.2842743,230.7073556,347.7974723,245.0159606,375.7857345,242.4741208,385.0230098,201.0737548,379.6581432,220.0119064,369.6869069,235.4480994,387.3785175,233.4291529,394.8825713
ScrollDown,166.6233426,351.7351852,203.7102527,339.4443699,232.381386,310.9300585,252.9050931,288.6589774,269.239796,275.6375335,226.5877239,272.9046015,243.9995538,239.8004321,248.0649442,252.0263541,249.2144155,262.8263643,208.730867,266.6447712,223.2050216,240.2948386,219.5281346,274.4526229,215.1027261,296.1917655,188.3977475,263.1534922,203.4436956,240.1046273,206.947057,274.912611,205.6966476,298.9938273,168.619995,260.5033372,175.5346996,227.1620172,178.8748001,206.8532916,182.846376,185.4119841
ScrollDown,165.6785755,353.7241985,204.748239,335.7934034,230.6507011,304.595772,249.5101825,281.6058167,263.4763181,268.3450526,217.2914764,269.0515957,234.881948,241.090185,237.6234101,263.4951591,235.6005223,279.9016546,197.6239588,264.1508109,217.7593727,242.3859059,216.1584098,278.9147047,212.1338263,298.9079063,176.2752228,262.4990728,195.690838,245.15924,200.6655947,281.7588731,198.7757513,304.6869185,157.3141488,259.9857148,162.7917468,229.2414242,163.6994933,211.7275558,166.3178093,189.9207499
ScrollDown,152.3024685,333.3867255,182.5495553,323.6958847,207.9295141,294.1629298,224.7641644,271.5973014,242.7120587,259.7318025,197.8959566,256.3204411,211.7612686,225.625828,220.15623,223.295599,226.403731,219.4471774,176.5613933,253.4933808,192.8279038,236.3792473,192.8564124,271.1838722,192.1644063,293.0707545,154.8234077,255.0290501,169.3248469,242.3963991,176.3298028,279.6597629,177.5299467,305.4155253,135.1714208,256.2797834,139.7285525,232.5272402,139.866321,217.900074,142.3110044,198.5246382
ScrollDown,223.580613,337.4934946,259.1323881,332.0127669,283.3517598,310.6306347,293.7888445,285.3278237,288.5108764,264.2545188,273.5233122,271.7177425,283.1843776,259.3230279,281.4134112,279.2992546,278.958213,290.6732524,254.4272041,267.2995872,262.9651275,259.7825388,258.4153501,290.4384801,253.5737314,302.1782033,235.0961819,265.9231339,242.2929905,264.6934771,241.1007192,295.0732609,237.7338206,307.9956472,217.8962482,266.1947431,222.5564,245.5528573,226.354853,231.6533792,230.1468337,215.4963011
ScrollDown,176.2565495,354.3457097,208.3738863,337.4200086,226.879698,305.972225,233.4444932,277.4581211,231.2714601,257.4196358,211.4865677,271.9878218,219.7919268,245.1876607,228.2494149,257.9921823,232.7736029,266.2294901,191.7106911,270.8839529,200.9142128,251.7321719,206.3938342,282.9796744,208.5798017,298.9375963,171.6635288,273.4690963,182.2453541,259.0752903,193.5189743,290.3709327,198.1568213,309.3439204,152.9997397,276.3757581,153.8763376,249.3705618,153.0957548,231.3857518,153.4258174,209.9177556
ScrollDown,65.04413887,363.5738525,103.6573003,344.4369945,127.9968795,314.4494216,137.3511923,282.8939258,133.4876997,263.5975937,118.4105836,275.7019281,124.2010306,246.644084,124.3047728,270.6390953,123.4376886,286.1812602,97.21041005,270.8060626,99.39560774,245.9519447,99.79816919,282.6113327,100.2138106,299.749693,75.03241204,270.2245587,76.68649983,250.1486501,81.7615623,287.494937,83.42824145,307.6138702,53.38588758,271.9910605,52.36891709,237.5726668,51.44429618,218.3450807,50.92217336,196.0396064
ScrollDown,141.7344772,367.9403423,177.2414735,352.6341222,200.5882368,322.4768488,206.133865,292.8615999,195.9532636,274.3148368,187.4373487,285.535078,197.7202889,253.6386655,201.3193917,266.4094323,202.674915,276.0186101,164.7580431,281.9752798,176.6359819,258.5143643,177.2703517,288.9359582,178.8774353,305.931134,142.7991578,282.3645588,155.3174815,264.3818985,162.3070982,296.9530706,164.9555417,318.8001156,124.296396,282.5127279,129.9720484,255.4539953,131.6461589,237.7956202,135.7075914,215.4698928
ScrollDown,132.2110266,364.7067691,174.1570116,351.0531064,201.6616822,320.8465967,212.164918,286.1504507,206.7861358,260.2111953,196.5475458,284.3806706,210.5188603,253.7434705,212.3117889,272.9281798,211.9719565,284.9161818,175.4335948,278.8572464,186.2917272,252.8632759,183.8528834,287.8828578,182.5375492,304.8836178,152.8747421,276.0325125,162.6316138,256.1983882,165.6263507,293.1647738,165.6948347,314.4088391,131.8489986,273.2766351,137.237041,240.6618206,140.1746664,221.4194908,144.8745612,198.9427839
ScrollDown,131.5042166,374.1204625,173.4310245,359.7192103,201.120424,326.4043803,209.7852144,291.6953589,201.3170812,267.1509995,191.6759726,283.9781759,206.2210655,250.7379743,209.2560478,266.7073463,209.2549716,277.9140354,167.6879662,278.394464,182.7414943,251.2523159,181.3991548,284.3267804,181.3328911,303.4612626,143.0557802,276.6616546,157.9847802,256.0276034,164.384176,291.3233043,166.0223813,315.868858,121.4001005,273.764751,127.046663,244.2703727,129.8093888,223.1934691,136.8428662,197.551828
ScrollDown,112.7500099,364.8662582,159.8247647,338.7899857,187.2309284,308.2517985,198.579,280.5331983,198.7923433,265.4797398,180.3465275,260.2365487,194.8899477,220.7420833,197.7637299,222.9448789,201.3348254,225.9924643,157.4716522,256.6507779,172.9935266,233.574823,173.6740679,266.6567703,173.1045328,289.1513767,133.4901285,261.4539158,144.5289254,241.3041314,149.0411528,275.3426006,151.1581879,297.5405845,110.8999576,272.4514625,115.1882609,243.2997188,116.9382802,222.5681341,118.4687097,199.0401232
ScrollDown,171.0742611,376.4388715,194.5677488,358.289573,204.6332123,328.4746425,197.0858529,295.9384917,179.879136,270.5513312,210.6308749,291.1570079,212.911255,266.7736922,213.5183944,282.52058,213.5261447,288.1022832,191.8080892,290.4280888,191.7756897,264.6555186,189.9351288,293.3442245,190.3398063,305.2654544,174.1158868,291.6449787,172.8697098,274.8615935,175.9437102,306.5805689,178.215446,324.4777536,157.6821814,292.325229,154.3770114,263.5941724,149.4505607,244.8958218,148.2722682,223.9862861
ScrollDown,210.8785469,439.5287797,238.839313,414.3776213,246.7014785,376.8154673,231.6517032,342.2507196,202.6894616,325.9089443,239.5895516,332.5288506,243.8713847,305.9276574,251.690818,330.835555,253.7287293,343.9835429,218.2642553,332.9338357,220.175685,302.5400436,228.2911833,337.7259766,231.3714155,355.182865,195.928496,337.0594034,197.2218011,315.7981125,211.9581289,348.9752947,218.8943717,370.680073,173.4835814,340.322333,164.4210949,311.9072326,155.4205486,292.5839579,148.6978388,269.3286188
ScrollDown,176.123424,445.9275127,201.5082327,419.0558649,214.6841595,389.8263242,206.6828565,361.6521248,182.006096,343.5973752,213.1625902,350.3094263,217.1388622,325.0718366,217.6437989,348.7016402,216.3208418,363.2731087,194.0608977,349.1441669,195.2497172,321.1108676,197.6157248,354.1388467,197.681887,371.363897,174.2290796,350.9341344,175.050029,329.2765667,182.0874464,361.9345007,184.2842457,382.8766518,154.9620966,353.8339983,150.3560812,321.4215431,144.5651488,301.4003827,141.407206,280.6889562
ScrollDown,148.1301998,367.9617838,172.4698999,348.4617924,183.7016981,312.3408957,175.8128776,277.7069629,161.8768897,255.0956662,190.8412234,274.0060643,188.6336245,246.7463405,184.9147728,269.5391265,185.6838483,283.6087519,170.2528811,273.6081515,171.5952705,246.6147289,169.222972,274.652491,172.9133642,291.5757891,149.6796933,275.7174184,150.4137217,255.2714658,155.6717067,282.3656817,159.9089713,301.103429,131.3440827,276.8833737,125.3371912,250.1814596,120.8459763,229.0660139,121.2479135,204.4892386
ScrollDown,161.5638419,386.9592479,176.9397263,362.9742496,182.6753619,332.9225972,180.9013818,305.0795258,176.932698,286.6866352,187.3044144,298.2787826,186.9481458,268.040974,185.0121704,285.8211669,184.5268441,295.799211,173.9370237,299.439712,177.4504903,269.295855,172.5685627,292.5605606,171.6169876,304.4124295,162.1969604,302.7756372,163.8902487,280.6550959,163.1350605,303.729864,164.1941791,316.8800609,151.6028078,305.1473999,148.3534561,281.276979,141.363469,264.0563731,135.0948376,243.0393743
ScrollDown,170.266874,408.4262495,189.0882598,394.6915698,196.0016925,369.6767711,186.153359,346.061329,169.1651536,333.9775435,195.5751953,334.5975814,191.4158956,322.3571641,190.9841488,345.6752776,192.7001599,354.3278387,179.9038887,336.1511413,177.2824406,322.1867449,178.8402589,352.1710665,182.4009348,363.1092544,163.8322364,340.1489073,161.7899636,332.52117,166.9291424,361.6552008,170.0077125,375.6942847,148.3950106,344.4984279,146.5475047,321.183103,144.810886,308.6488805,142.9730674,294.1109831
ScrollDown,113.3544033,404.3951953,129.163317,391.4448288,132.0501186,362.4163101,118.2897433,333.0532522,103.2281139,312.7858285,144.7166884,321.5852851,131.006657,304.2370619,129.167636,325.4661303,134.4082898,334.0172564,128.6111831,322.2394259,113.1800008,304.0467034,111.5659909,334.2233027,118.9513481,345.4056185,112.0381108,327.0716425,97.77135264,315.7525193,101.186749,345.596132,107.8457086,359.7948749,95.71234094,331.2980616,85.73092373,311.7994626,80.82031518,300.6002887,77.97830147,283.8179048
ScrollDown,149.961221,413.0774189,173.2154873,397.197249,184.0583934,373.6897515,176.7924972,346.8022386,157.5443515,324.9418466,188.6736856,338.6136045,189.3887273,320.0167747,187.6066855,337.5715354,187.6888932,345.1206627,171.1287393,337.7500359,170.2380921,317.8149639,167.0651046,343.9537369,167.2188268,355.0745909,154.4357663,338.2106163,154.3005377,325.8266728,155.1451539,352.920027,155.4917072,367.9706619,139.4929297,338.5671066,139.1489428,313.6424915,135.7684744,295.7315874,134.7285199,276.6902283
ScrollDown,154.3126963,424.7949153,171.7721846,406.5551413,173.5889307,377.5424712,157.3829356,351.1696753,136.1451973,339.4841981,171.6678571,341.4979073,167.2739187,325.445935,170.4835415,346.9238367,172.5871386,353.8398878,155.6550127,345.304214,149.9509873,326.586252,154.8817143,355.8520939,158.9803639,366.4189042,139.7026721,351.6116167,134.768761,339.1236925,143.7497172,366.106085,148.3349747,379.6698945,124.0160851,357.9145202,116.3996897,335.318319,111.3542162,323.6827171,106.3380276,308.9372886
ScrollDown,153.8191799,364.8955644,179.1576833,341.019047,188.9078068,310.3750474,183.1644416,285.7475328,166.420996,274.1506098,171.6896694,286.479737,173.875842,262.0820726,178.7990458,280.6573777,179.2402002,294.2102461,154.3190005,288.8872413,158.0481223,264.6666888,165.7986359,290.8492617,167.9173936,306.6943297,135.9296435,293.7981762,140.1596069,272.5932111,153.6889955,294.7725456,159.04278,312.9720414,117.7177341,296.509692,110.0020199,274.519607,104.3417967,259.2515219,100.4011369,241.0920911
ZoomIn,96.45490934,356.2362767,132.6038597,337.9295387,156.3723202,303.9589978,161.1988083,267.3534805,154.3187143,239.6321768,147.7276498,247.9535149,157.6552739,210.7440432,161.5621871,193.6842572,164.6593672,186.3290322,125.2833237,241.9722356,133.0698198,196.8664763,142.3950642,196.4709232,151.9410712,204.6949044,104.4984688,244.3327351,109.4325789,201.7133383,120.7338612,206.1851205,130.0907221,216.5138447,83.88732391,253.166376,88.42065709,220.8027436,99.22628283,219.2164726,110.5115557,225.2741821
ZoomIn,86.75950145,335.8529416,126.317583,320.0528833,152.5662806,287.6709976,159.0752772,249.0885206,153.7860661,217.9336266,153.1393798,237.138786,166.400097,201.7520227,170.4630101,185.1580909,173.705908,177.818253,131.9030788,226.969005,143.8594576,182.4981744,151.7461119,177.9159266,159.0650202,183.7870589,111.3021868,224.9735221,119.4198502,180.5431711,128.5251197,182.8341914,134.755089,192.8287802,89.3894218,229.7556845,96.62926613,195.6716542,106.9245799,193.5062073,116.4832196,200.2000089
ZoomIn,81.34797234,290.6568772,107.0104413,279.4275414,126.8092943,256.6006177,134.1728343,229.4107914,131.7383976,206.478414,130.4477822,215.4016536,142.4614555,182.6563577,143.89059,183.2043868,142.6395805,190.7591147,111.251334,208.8899687,117.8245381,172.6382993,118.1765972,188.3078835,118.2292256,207.7367433,91.65991781,207.8529553,95.06413458,173.749032,96.64269772,190.9383994,98.10004411,210.9253544,71.20985003,210.4989181,71.88915282,183.7938486,74.97243573,191.7557991,78.68707788,206.5876924
ZoomIn,148.1457683,277.0083197,181.6823802,269.1475072,201.7559903,248.6335063,215.4750092,233.5795184,227.4115355,223.4949767,191.3804641,209.5397401,201.7369463,192.7938792,209.6520893,209.1473079,214.5318566,226.8111863,172.2647645,208.0687208,182.5233267,191.7159246,193.4451195,218.0589366,198.1225346,238.322858,152.2278886,212.0356717,162.1445828,198.1317141,174.993125,224.6932973,179.8399957,244.196669,133.4807245,219.0817867,140.7407467,210.3873936,152.4607842,227.2369418,158.3970677,241.6981186
ZoomIn,195.5241202,238.9276304,228.5964228,235.1501578,252.7468243,222.7496622,272.9903651,215.6577261,294.0171732,212.1012795,247.9610503,188.5768737,266.3723199,180.8571886,276.6219599,190.3537791,285.4357207,198.4700854,232.8966208,184.3289054,252.9737479,179.4757793,262.599959,197.2534716,269.4201161,210.0832411,216.3485189,185.3698928,234.0136263,181.3864704,244.7319061,201.6029465,251.7334068,215.391779,199.712467,190.4247717,212.6551568,187.7419013,221.7937962,202.1707743,229.3741008,212.7874178
ZoomIn,109.9017369,351.9875834,143.0067127,333.6353117,166.9855115,302.1034275,178.2740855,274.6685458,181.7157161,256.2720792,150.7274197,250.8356841,160.2332758,217.3702458,166.3632355,237.2817496,168.9040942,256.8582536,126.6379559,251.6747527,133.7697805,215.9549812,144.2126198,248.4490875,146.6648083,271.409603,101.835928,257.7898141,106.7681233,225.0737585,120.0018427,255.2061564,123.8212484,276.3352071,76.28636811,268.2081183,80.3901714,243.1976646,93.6628171,260.1444467,99.81535138,276.5691303
ZoomIn,85.06115607,371.6485442,127.2659469,351.96712,152.8446113,311.2514202,159.8924506,268.2479627,156.6522618,231.8357479,143.123297,252.543089,155.7179508,211.2137471,166.2759608,196.4328885,175.2986377,192.6644109,117.5760576,246.1350404,127.1345047,196.487432,141.6399988,212.5758447,150.6907393,235.4097424,91.88454647,245.9254347,96.7012012,198.8123113,116.5225283,217.5679615,129.0688129,241.5821228,65.1332609,252.0468204,70.96252824,214.3444321,88.24387649,221.2348942,102.0838083,240.2179664
ZoomIn,153.2584977,289.1069571,190.5983265,272.3759296,208.1932676,250.8039522,215.1952646,236.6305809,217.3560775,228.6257803,190.999587,216.9920125,200.158653,194.337378,207.3857864,206.0409316,210.0067875,218.4579487,168.838556,218.3970116,176.9769315,195.7573662,186.9449261,218.3784867,189.3144311,234.1534013,146.3771238,224.4027039,153.2282287,204.9344782,166.2358094,226.0912867,169.8030016,240.86184,126.1967932,234.2383198,132.7039093,219.4253854,144.5265068,231.0153646,149.2481492,241.8793371
ZoomIn,97.30068011,357.5654906,141.9003712,336.4962784,171.2254108,296.1301351,180.5263618,252.1981692,175.7678634,217.5639948,162.3639433,234.629294,175.3036788,190.5435124,179.1168558,171.4297839,182.1352877,163.1926925,138.1589371,225.1937053,150.7066763,172.7969679,160.129948,165.5561104,169.2314989,169.5309681,115.631647,226.2630358,125.269993,176.3008239,137.2380764,175.2232309,146.4988103,182.6935058,92.41737428,235.1047453,102.6901916,197.2251449,115.8174173,192.5182638,128.5205349,197.0915213
ZoomIn,126.6566165,391.3183406,177.2525097,374.0370653,213.0142464,333.3886246,216.8142244,283.6224765,194.7676044,243.7210162,212.7718125,256.1864903,225.6755463,205.5352733,227.1796662,189.9197245,227.6865562,187.1005393,183.3891469,244.592954,198.0523508,188.9799222,203.3582964,204.3022042,207.6002177,226.1509635,154.8368864,243.74719,166.5390041,191.4902561,175.1119845,215.5007524,179.5083468,240.9087268,125.0054814,252.0456619,136.258804,211.8618167,147.2789903,224.1148419,155.5157974,243.4238005
ZoomIn,126.1747529,340.7852437,157.1891435,320.3107964,178.0977894,289.0018123,180.415604,249.8940797,170.6205067,219.9570771,182.1100618,244.2070886,192.3952817,206.1655331,190.7045492,200.234195,188.1196944,202.2957182,162.7262848,235.6288554,171.5770485,192.6002238,173.4243795,198.5639162,175.5586775,207.6861566,144.3382828,234.049884,149.3407029,195.3179533,151.8437673,208.5327106,153.1986202,219.8120211,125.2411883,237.5575373,129.5112503,208.8222947,135.8809026,215.180712,140.7924918,223.7064152
ZoomIn,139.6874386,353.1048996,165.2158182,330.4562104,181.5197632,298.7859236,183.0267155,262.6527675,179.039281,232.5239445,188.9757592,260.7547526,197.4746416,225.5270312,195.7494043,217.4992303,193.555224,219.3766648,171.1168541,255.6891689,177.5779653,215.5105381,176.516653,215.0697575,177.2423504,224.1664505,154.1618836,255.0850372,158.4108087,218.9651612,158.7449939,221.9536724,160.0769199,229.8671904,136.330277,257.6162944,139.8894058,231.0848044,142.9927046,230.3772679,146.4387381,234.7032835
ZoomIn,83.18972322,350.3664028,98.29430664,322.4087958,105.8483639,288.0096187,99.66024582,253.4893466,90.22092572,221.9393583,126.6363084,246.5104396,128.7064517,209.0700171,116.9265635,206.7610102,107.5111726,214.0433418,108.4641708,244.0073707,109.2067752,208.169069,98.61844399,211.0487319,93.98935871,219.5731858,91.64352016,246.3685674,88.67547253,216.6807356,80.90396524,219.6809766,79.06615075,224.7418371,75.59510369,250.1731448,72.17046161,228.6431544,68.6235508,227.6490467,68.9461333,229.1955715
ZoomIn,102.6989532,366.7736995,129.8602315,342.951351,143.9750604,306.147598,133.2600343,267.0180481,114.7708752,244.7473683,144.2565059,265.325805,148.6737735,228.6868258,144.5068318,223.1937288,142.1947837,227.4092008,120.9928175,259.3574067,123.1418852,215.9820378,123.011039,218.5232829,128.1861348,230.3325417,100.0741464,260.5307638,99.50501199,223.2843638,101.3309448,235.0823001,106.3866249,247.8050076,78.48308845,267.9760119,80.14638765,240.9933315,85.1060364,247.3443081,91.96217165,256.3196118
ZoomIn,108.1891877,396.8425336,123.7921688,376.1043165,127.4740415,346.7769427,114.4168637,318.1914179,96.69817921,293.6955438,135.7295846,308.5525518,135.1479162,278.8105815,123.175043,272.4630228,114.5783427,278.8990833,117.2259305,307.7116416,114.9717415,274.151261,104.1774971,273.4980399,101.3085298,282.7971806,101.0006505,311.8876678,97.3392023,284.7955914,89.63542041,286.3653551,87.84647042,292.3978478,84.37522484,318.8500881,81.57620339,299.8969796,78.63452164,298.9938186,79.09136722,301.801434
ZoomIn,139.7218922,433.7256679,162.4420151,410.2479824,172.684983,373.8936605,157.8001426,347.1967419,142.9994062,349.4727704,160.4237507,336.0172578,162.3636249,302.8433599,171.3272204,320.8830553,176.215403,335.8301489,141.2796094,337.8931521,137.6362378,303.1072451,152.0212676,327.5334377,158.7206891,343.8543049,122.2308057,345.6988271,116.9155247,314.1928994,134.7486504,336.8107311,141.51575,351.7243611,102.7409428,358.9040626,102.3995265,334.3328097,117.3263484,347.4668314,123.6254409,360.4157682
ZoomIn,126.4037396,441.1331496,153.4761495,412.9062246,168.098502,374.3265989,164.5064976,335.4707125,156.7027605,306.2973878,163.150897,329.0744764,165.9293887,294.0833758,168.0751373,288.5988937,171.7126893,290.8087643,141.9288726,326.381781,140.599297,282.6179682,147.3017869,284.3826563,156.8299842,294.1041273,122.5876844,330.0422869,120.3884672,290.241276,129.3453709,297.0141197,138.2720233,307.4073847,103.3246361,339.4671067,103.705187,311.6534059,112.3470249,313.7603635,121.4991009,319.9979351
ZoomIn,129.8677822,383.7669749,154.2132316,355.1075453,167.1821519,318.9718271,166.7628856,285.6764142,162.0455155,262.6280472,153.1314684,280.6395768,152.8942945,246.4532707,157.8376752,242.0637459,163.4565335,243.7153982,135.68921,279.4251948,131.768976,238.5968878,142.7676532,240.1496326,153.5952088,249.3830325,119.9085767,284.4763283,115.83499,247.0839612,129.5013734,253.6302233,140.3603579,266.1449176,104.2101193,294.9816158,104.8386428,268.2975725,116.282502,270.8478809,126.2902183,279.920907
ZoomIn,215.9454519,481.4357725,241.0397856,448.7190154,251.8270975,411.7322052,259.4950086,382.5258763,265.0315887,360.2183415,226.7509298,373.5025313,232.8212861,337.9230542,251.0927826,338.641052,266.2839038,343.0323118,210.5866185,377.9749047,219.0713659,341.5075761,245.9688729,355.2350095,262.9627763,371.3476943,195.3665241,389.4785486,201.2613007,355.7405413,230.5127586,367.9267221,249.0553388,382.9688535,181.4151153,406.3691405,186.1420358,379.7643288,208.5246808,383.489915,226.6730414,393.500475
ZoomIn,158.4576238,438.2553846,184.4140409,407.1006822,195.7161622,372.2478202,191.9603622,338.9184046,182.6729952,313.9025446,183.7630083,333.0498119,184.2541478,299.5487179,185.5975605,285.5566426,187.768524,281.9590539,166.1518734,329.7540356,162.1703745,288.2013826,170.0386901,280.5621103,177.8678651,286.8216011,150.5512833,333.5128461,145.1041749,294.518789,154.9388135,291.8870081,162.5052746,300.9010735,134.6834195,343.0571915,132.51284,314.8115188,141.0001745,309.8240503,149.5497099,315.0464872
ZoomOut,147.061394,355.8488636,181.5101657,351.4805929,216.8419711,322.4783804,247.1490843,300.9419845,275.8265004,293.2894721,187.0998497,248.5861705,204.3275677,209.5878751,212.6372046,180.9566616,217.1645618,154.30846,158.0812561,239.5528961,161.3409551,191.5082788,162.0259903,155.279302,160.6602161,125.8538134,131.2490994,245.0590277,124.471504,202.1868409,121.4579632,169.5864834,119.0576406,142.0754733,104.3753238,264.3167057,85.94289781,234.2495554,74.18705253,212.7701185,63.67655155,189.1595285
ZoomOut,103.6689929,389.0640564,135.5463674,372.5651071,163.553383,342.8284103,185.4486481,318.0006636,209.5700053,304.2361983,140.2939391,285.6889522,151.3948928,248.7979363,155.4813664,222.1494589,158.1563309,198.0759887,116.9556216,280.6819712,123.295316,236.2137198,124.8642524,203.478386,125.2148512,177.7003891,95.47738039,286.7974713,96.09283612,247.790538,95.447457,218.9343058,94.92639487,194.5468908,74.36280914,304.3945769,63.97606826,278.0844979,54.38890827,259.8284412,45.72818306,239.7815994
ZoomOut,90.758535,369.3473574,126.256803,355.8455695,159.9297556,329.4026444,183.7828838,306.3916491,200.8275887,294.1665518,134.8196707,268.379866,144.3778685,230.9340768,148.0998091,204.8170605,150.3385654,181.4689627,108.9269724,262.4942026,113.1551547,218.3745364,114.7975316,187.0121526,115.895725,161.9939582,85.03600217,267.0765961,83.50896467,227.9012618,82.24458252,200.1425277,82.71289811,177.1480917,61.47934784,282.1048463,48.89639152,253.8934338,39.40003849,235.0774848,32.55276759,215.3297515
ZoomOut,75.56277823,373.1791596,116.0453786,354.7257567,151.6409678,324.9602392,179.9720437,303.8121114,210.0646369,294.1631296,133.5073818,267.6348658,149.2488996,233.3508369,156.9095531,210.2853162,162.5355985,189.6041793,110.2627648,259.2915875,121.1903176,219.9172472,126.3528242,191.5115609,129.8056862,168.2008516,87.48195973,260.6034424,91.32283116,226.1401843,93.32973929,199.819887,95.37814976,176.1313963,63.072077,271.6351801,57.12858547,245.0529315,51.35548555,226.5599823,46.56870411,205.8519688
ZoomOut,112.5000928,356.7854723,145.1022664,348.8685173,180.714018,321.0173182,211.3599368,302.355322,238.047233,297.3388443,152.8502086,239.1864804,164.9034879,200.6603466,170.3377764,173.9320435,172.6795278,148.4768113,123.6446471,231.2529284,125.7620895,185.09355,127.4873681,151.5369793,127.6064583,123.8924807,96.58848681,238.1055472,92.5138306,196.3628281,91.88963606,165.9315658,92.10624764,139.8128822,69.08261006,258.9370494,54.56230345,230.4441811,45.1257348,210.1607042,37.10592575,187.1488679
ZoomOut,100.8059921,344.3171122,135.6543198,337.6603576,171.0025791,311.3524142,199.8485388,288.6684577,226.5719743,276.3850701,147.7300774,238.9114005,161.669235,199.1811395,166.9399577,171.7560435,169.3554233,147.687204,120.7589117,232.4321191,125.0822259,185.1755247,126.2508716,151.0665019,125.7696474,124.8278777,95.06442709,238.6013565,91.94135689,194.942683,90.23775289,163.4185304,88.86385625,138.3294412,69.06464446,256.4318927,55.70115244,225.7570611,46.34529995,204.1197983,37.99640398,181.6649346
ZoomOut,115.0261159,333.7678203,139.4830368,327.084241,164.473605,305.3184357,183.4133305,289.7942472,201.6287969,284.3919602,146.092631,250.6223931,155.2437107,223.3414154,158.0768513,205.4134189,158.4959585,188.8978947,125.9689175,245.0993653,130.664695,214.0080778,132.7237902,191.8804335,132.9440177,174.6729077,107.1308252,249.2727094,107.0446274,221.154838,108.3461851,200.2845386,109.1364301,182.8232008,87.77095143,263.2656338,77.9587825,243.2475338,70.5975338,228.1081323,63.80010255,211.6147106
ZoomOut,66.87402696,341.5133052,96.32878413,336.2819518,125.8364605,315.6176935,148.0103328,297.786298,167.7550376,288.3577808,112.8777887,256.6230001,125.134244,223.8292348,130.1543915,200.9234066,132.6343686,180.7428427,90.99827346,250.7618502,97.9033226,212.6315284,100.607121,185.1475716,101.4310454,163.9304305,69.46880719,254.8580409,70.65158391,220.7870716,71.2345271,196.3195588,71.61674136,176.9767866,47.01025934,267.9684704,39.20278666,244.1516472,33.73712775,227.5718225,29.28491613,210.8326332
ZoomOut,363.8964079,312.1404038,391.9187976,314.3981459,423.4209607,303.5251525,451.8054654,298.1810692,478.7540811,300.0933304,419.538415,237.853882,436.1146709,207.8819987,444.2606688,186.3953511,449.2502583,167.0474767,401.0197885,226.5058061,410.7519916,187.8127753,417.2435125,160.0822563,420.6075249,138.3402733,380.673777,225.9820586,383.6752048,188.6479255,387.2913751,161.8855827,389.7350569,140.1975217,357.6879925,234.9984556,353.0802462,208.1325892,350.594175,189.6346059,348.2062587,169.9073096
ZoomOut,340.4779896,315.2119064,364.1872352,325.5653795,389.0808846,326.2937704,410.3804273,328.7902023,428.28596,335.0333907,399.3184472,279.1927571,419.7801434,260.1890993,432.6336053,246.5721634,442.637133,234.9227706,387.3898988,265.2277455,406.0573965,236.6778446,417.4425132,217.3555518,425.6090421,201.6695023,371.6737944,257.8764756,383.9630091,227.8549598,392.3340397,207.5157491,398.9149652,191.3015504,352.4034933,256.4128625,355.8602431,230.5487147,358.105602,213.9314298,360.9045615,197.5272415
ZoomOut,97.87097477,352.6911779,128.6922247,338.5554385,159.0822098,309.166959,185.1874204,290.2478823,211.1380557,284.1757394,131.9149531,254.0000625,143.2176333,221.6324145,146.009315,200.2263697,145.9330684,180.5333823,108.5762472,248.0028936,111.4091208,210.256501,110.7509341,184.4556826,109.1234893,163.3315904,87.43874708,252.5932973,83.5706411,219.8468072,80.65988206,196.5566671,78.57486298,175.7153505,66.1714987,268.2174833,53.06134446,245.4975021,43.11619653,230.4614465,33.8494471,212.8903691
ZoomOut,146.2764011,345.3360835,178.283679,329.0973033,200.9738491,297.5965231,217.5065279,269.4850834,237.9527649,247.6293049,182.3977898,253.5050572,187.1286111,217.663469,188.7499227,192.3722264,189.3291841,170.0722708,160.5719941,253.7004332,163.2991574,214.6886986,163.3309977,186.2134103,163.1664381,163.4972181,139.774681,261.0359699,140.118918,227.0367117,139.5438951,201.4325277,139.1906073,180.9325527,118.8062022,274.0033716,114.5727869,249.1728569,110.9375878,230.7308864,108.5431044,212.7604476
ZoomOut,173.226527,377.8051956,205.9643051,357.5712914,229.557514,320.4631337,245.0623602,287.8628649,261.4317357,266.1104767,199.777859,270.3237622,204.8111466,236.3341628,205.9149026,212.5816294,206.0259009,191.5893588,176.0753961,268.5091175,176.7057771,230.456228,176.4927954,202.1616133,175.658675,179.5775383,155.1738043,276.252823,151.4246161,240.9370783,149.8468488,213.8338239,149.2589701,191.3680983,134.9233538,293.7619411,125.2883892,268.4149018,119.7087888,249.2860361,115.3102282,229.3862564
ZoomOut,230.1808258,417.4712027,252.7264084,400.1836622,265.1533389,371.8875458,272.3578437,346.3103809,282.618357,325.6620154,237.9055429,339.0830294,234.4289931,309.8920602,231.4668641,289.8175359,229.2960066,272.8970045,219.9464424,342.7061197,215.8060345,310.7418032,212.962763,288.1923906,211.166263,270.1427945,204.6499351,352.0545226,195.8785424,325.0906523,190.2331097,305.1486017,186.8108245,288.6093487,191.4728066,366.5101031,181.9064006,346.8991724,175.4288321,332.8080638,170.5379592,318.236037
ZoomOut,207.3310219,385.5614154,236.0717937,368.3682163,256.711593,336.0346835,270.0079216,307.0126304,285.2565156,284.6393726,236.0315105,290.7499883,238.2700857,258.1865089,238.2219065,236.0236475,237.3045608,216.7540982,215.3458111,288.9195128,217.4658845,254.3577436,217.1438441,229.2931852,215.9166398,209.0195358,195.9890487,294.0802767,195.4201709,263.6482123,194.2440929,240.3935654,193.0427681,221.2030894,176.3498747,305.6789308,171.4082378,283.0996191,168.1491052,266.8331241,165.567376,250.3375672
ZoomOut,176.6161262,390.1422126,200.589385,364.6798351,213.1693793,329.9323017,220.4860377,299.2372267,230.3464502,274.1865257,182.7236388,295.6016419,183.0537318,266.6003035,183.2341484,245.1626565,184.0761262,225.9738635,163.5175054,298.8428013,161.8770664,266.2839811,160.9825181,241.3816088,161.202526,221.027391,146.8782283,308.6151648,141.2199197,279.3582458,137.8042845,255.9349118,136.8382912,236.5146895,131.6986038,324.768142,122.8270605,303.2200058,117.7044827,285.8966661,114.6223986,268.4511823
ZoomOut,171.7817294,402.885419,201.9551591,386.5315417,222.8037909,352.784088,235.4532699,322.1072302,249.850754,299.1922815,199.2530749,301.205814,201.248196,266.0276011,200.4241922,241.5968879,198.854006,220.5842441,176.4091836,299.5390948,177.0090684,261.402235,176.2954891,233.4633248,174.8773327,211.450219,155.4153978,306.107636,151.8282502,271.8939283,149.7514213,246.2104183,148.2526305,225.471823,134.7217439,320.1168185,127.6852808,294.7628815,123.5447177,276.3383751,120.4222163,257.7891803
ZoomOut,208.0485295,404.271823,231.91447,386.112956,244.9974947,355.4802682,251.9915896,328.7885531,259.9302422,309.6017793,215.1937398,322.8292844,213.3688723,296.5627532,211.0928597,277.9256716,208.8155221,261.7172287,196.8075882,325.1082387,192.1873193,296.2110118,188.5796558,273.9638792,185.6467535,256.1315866,181.7628832,333.5754667,174.7452175,307.4176394,170.4165461,286.1487595,167.8335966,268.6657347,168.3353766,348.5411635,158.7918848,329.7721434,152.748421,314.9471442,147.902227,299.6259543
ZoomOut,154.5077331,377.4132919,183.2101398,360.8292328,202.8368066,329.584582,217.0360159,303.3197036,231.9406196,284.6869196,166.2935513,285.3552912,165.7830261,254.5662189,163.7326996,233.2768649,160.8052042,215.6145343,143.8833742,287.6783945,138.6544448,253.95334,134.4575248,229.2204928,130.6717988,210.1594768,125.131474,297.8787044,116.6138669,268.1369096,112.0689854,245.2597972,109.2575542,227.1186138,108.4231247,315.7635335,95.02786967,296.6198002,85.94336944,281.7554138,77.8643393,266.4237538
ZoomOut,267.7315577,435.109156,296.620797,417.4876354,318.724536,381.5939947,334.140459,351.3337144,350.494018,333.137457,284.3857712,332.7878247,287.9998833,299.5726784,288.6632669,276.4102777,288.5961392,255.5319217,261.1909208,331.7990257,260.1129097,294.745496,259.8817618,266.3676635,259.6443636,243.3887471,241.7513697,340.3627041,237.1030331,306.6359714,236.0279619,280.151647,236.2113839,257.6071161,223.514227,358.9459835,213.184251,335.8497558,206.9715401,318.4976317,202.0105333,299.3104754
ZoomOut,257.4392467,420.508837,283.7329906,406.474793,301.8490914,374.2115859,312.6202131,345.1710552,324.4702605,325.0216226,273.5343111,329.9246672,276.4318814,299.89462,277.0051149,278.580707,276.7522555,259.7594674,252.2172619,328.7034067,252.1031524,295.9786582,251.7089835,270.4878237,250.9993451,250.8054687,233.5662038,335.9149308,228.4448619,305.9439487,226.1231872,282.0458673,225.066276,263.0607168,215.6390353,351.5110973,206.0032923,331.0361746,200.1435375,314.8630678,195.4157719,298.1445489
ZoomOut,310.2871598,444.7221702,338.8509367,426.7073822,361.4865532,394.3402924,379.2174552,367.2823064,396.6613454,350.5241416,333.0641498,347.6741281,337.8891166,315.9487276,339.8693805,294.5113163,341.2885965,275.6750028,312.0115131,345.2323823,312.9710458,310.511451,314.796992,285.4905297,316.8504173,265.6528816,293.5952877,351.0515781,291.0642634,319.5047189,291.9290115,296.1438552,294.3881139,276.8903582,275.3604279,364.9168461,267.1758879,342.425988,263.1521066,326.110987,261.1001443,309.0923162