1;0;0;0;0;0,182.781244758826;375.14714309328;244.088560306466;367.212895995659;306.936811567628;320.37543163604;347.092944427429;277.02702669858;369.980771564513;250.552631063111;275.868018479626;225.123773209085;285.201530775756;168.085682342264;278.535393381205;218.047667038373;272.204539847162;260.116634928767;233.461006753148;209.88666031527;245.386164231361;155.033375522668;238.705864154579;214.556733652008;234.997286331423;247.269266774236;192.366199193471;206.006433319875;201.231758731106;154.375149222773;201.90816631047;211.362230891883;201.596454182968;242.133134790018;150.296523287168;213.750308686696;158.444756015008;174.471826297064;169.235159806804;209.230738501277;174.907014726098;233.439389207307
1;0;0;0;0;0,260.775243844712;318.672146520689;303.092528305092;308.258133751328;340.717983769882;277.354035922748;370.751621069958;248.395292214168;398.564491849539;231.729182141458;323.43951542945;225.993415231634;345.11780549582;206.302320205946;344.962134217597;226.144606090385;344.216854704383;236.364567727953;299.383038865296;218.621870250375;321.462142180761;202.536592606561;313.124663611605;244.53280130589;307.440002176667;258.221838484881;274.997602551906;216.373290965305;295.445116938404;202.519419048217;289.715389805939;243.994681882892;284.284832233606;257.115755291487;250.501950217681;217.953939787336;268.617768995541;203.304293726338;270.660837577952;231.796929056983;266.780230796146;244.227049350014
1;0;0;0;0;0,136.779022186631;286.929006070917;188.58451725231;278.02764176227;231.285276749141;250.422986583747;257.762169480247;224.919903754631;271.499084841833;212.137687312784;202.05401453565;189.576824134342;211.351220856643;151.52966702955;203.406694599357;188.201969990929;199.269423466668;210.378629956195;174.561627498012;183.054482063983;181.596798312492;149.948801041433;176.026075687413;198.596531453356;172.062758577135;217.065455819018;145.127784903502;182.218855171124;152.306536080351;151.633881846563;153.667638743578;197.339862855291;151.555465283961;215.304338928167;112.858481817601;185.137119337208;122.803150157661;158.350249217225;131.475760145719;187.223374252264;132.781738535751;204.204563925341
1;0;0;0;0;0,89.1444433842369;311.790769694817;132.507147781581;301.795441025511;174.968911001941;272.463893007683;209.520168356457;250.814827877345;245.41586223199;247.991676429134;152.748580755263;215.350734028683;166.780321946695;189.270366205536;160.716151955769;215.145760160648;158.796515704638;228.395253384864;125.999673112821;208.84803421311;142.850960077194;192.752752785757;133.850627902281;231.832011868192;130.857819977598;243.834751585536;99.8448527993695;210.047673467479;117.700267222633;199.263084838181;113.369270400392;238.374635522725;110.272425582993;250.201401961748;76.1205135910142;216.331652020113;91.5123147746898;207.374608656935;96.4658208916965;230.194872962311;97.0695926171148;235.385113858876
1;0;0;0;0;0,131.428124246538;325.051430229877;193.116938770306;318.082772887129;254.472759319359;274.018942730708;308.530117463516;237.137686705758;365.769923864923;224.473065810541;220.367629329677;198.196274153825;224.511195317597;163.932558138238;212.288575644444;209.338037899519;208.665180799394;229.596412072278;177.133371029094;185.584066387691;182.653914857001;164.960459258336;171.260747654746;226.03085691644;170.709632028839;242.464677255849;135.88357400493;182.358210887585;142.374354435917;167.520763376813;139.36953412882;228.351677071969;140.443290609098;246.631713677679;96.4084068551246;184.751365745232;103.427485990048;171.104339998062;107.706830311532;216.303907455249;107.039382238677;237.210742041234
1;0;0;0;0;0,125.461507180273;313.549073165137;170.872542142831;296.706134550464;207.420673397044;266.056620681677;242.644791403837;241.870207178413;283.681474714247;236.320766710585;178.867893656476;224.139119928858;191.418312458414;194.94429303954;184.632226003114;224.925308388097;183.08337741449;240.679505572237;151.981390499634;218.679715206115;163.339945029037;191.585564462271;155.724201702687;232.1565145012;154.794647258576;246.575616688297;126.607340286796;218.581703639987;136.43784641047;194.278654725902;132.786219754155;235.080214327667;132.018233583289;250.055400159613;101.979199666654;221.989264586508;108.847000573609;203.31048048755;111.136921190171;233.295688524062;111.122587630622;248.129012910752
1;0;0;0;0;0,323.332001587166;300.59000543692;365.806830425336;297.574785867369;408.855539006401;268.057252768578;441.283353027883;246.821584809029;472.334831965084;241.811154177522;392.104065944502;191.183484929506;396.008209077654;194.798620938212;379.041405816987;225.220314712503;371.793367636854;231.654796989917;361.449205642373;180.379003950989;370.67053039799;194.220610944643;359.618549740043;232.733421683635;359.527518910325;233.77966799836;332.007041203779;179.258742845255;345.047859944194;194.52954562582;340.661302210087;232.901555716327;340.072478524757;234.653772816559;304.790547084826;184.484257656445;317.306618765513;195.526016843019;320.804729351197;226.522612312099;319.349473558154;231.268167403348
1;0;0;0;0;0,164.588575302964;281.120390106887;219.052601740463;282.056463629156;270.247362077714;249.378625602049;303.94278384923;215.822781486263;328.928179120987;195.153090549788;241.183315886193;176.451790259844;247.274974427372;141.471962745723;234.874922706018;185.930505274377;230.611218279162;210.368606763427;207.526524337234;166.479765696609;215.597978490091;140.903534912163;204.466009468802;196.447010012871;201.922953280165;213.050916293609;172.717973294369;163.355949922441;182.36650200256;141.057260189893;178.495993010644;195.707772493319;176.691898773717;213.567905324279;137.45666998373;163.639393427162;148.61292026565;145.392761986515;154.285195016963;182.527561548076;154.376421804364;199.201661308005
1;0;0;0;0;0,108.515771394746;307.495458532625;156.592253785378;302.020107158915;203.771610352609;266.027165942289;245.114219821466;236.688338406145;275.992060511249;223.042411435694;157.954135521658;203.16983680143;170.231912621277;166.803662863052;166.106285525301;210.135056033621;161.254064570343;233.023833084957;123.665947757037;195.244857841381;136.584879850714;166.077435639122;132.2114614582;220.881580477748;127.414709970126;238.867330928251;90.821186276317;196.422218009636;101.964415923323;166.914299097882;103.868005988011;219.17537843263;102.679744387402;240.743464011635;61.1240000464408;203.273135379332;64.8460990120091;177.404345589599;73.3920449772799;211.150537352343;78.149112207731;231.23990472556
1;0;0;0;0;0,343.246973410426;247.987100211344;380.177347877942;252.062215235053;417.686404840708;240.321612052272;449.854337818156;227.129038274042;477.870582785284;224.258813375629;406.218595134475;193.754906809871;423.239447366245;174.61817373502;407.524656609316;197.753820521123;401.3836656401;207.14301317969;387.478082281202;180.279705109115;406.902864184651;166.038541254645;387.380223679444;198.557710943527;379.215745222012;208.300079375068;367.741858580293;169.824338733379;387.359968624831;155.952599994648;372.405408336693;189.158524275822;364.879800531281;200.074450451045;345.557045072547;160.936499910802;364.255316531207;147.227163779462;360.348663677799;170.77196391665;355.210825391216;182.451532420323
1;0;0;0;0;0,145.936459024309;281.794245183218;174.278668755204;259.570617882643;194.513901289154;228.483536810509;216.24829363982;205.165384751752;249.671995620551;194.552222702772;166.600053776744;200.252055227928;163.617828819023;178.37173749679;163.789498867302;203.495391097587;166.358168292014;216.426189731066;143.157360652286;203.188903952388;137.869291567003;181.043547642448;141.736750687019;213.248781259704;146.984508221802;226.334669636594;123.025044227613;210.414893490312;117.759438655745;190.823109623455;125.836047061068;221.029812593789;132.452258852595;234.308089552258;106.567224375248;219.835447435564;99.9074974454338;204.15012636306;106.940880613942;222.827646847972;112.878481094073;234.108862599975
1;0;0;0;0;0,96.9987295665562;325.263840314993;119.143446113806;311.565445625738;134.828771613682;282.260035850265;147.427988583926;257.402349481077;169.641576404907;243.307241602298;121.806268593373;251.882327910078;108.41091859291;240.121555278391;106.651552734225;264.091972675585;110.640321955409;275.817209816199;101.336032825428;255.585975058561;85.9976143800707;250.204952036198;90.5259526985672;278.103202983955;98.7133845082938;284.599631242161;84.2054504380731;262.217854946657;70.2910794706449;261.517676362466;78.7329252018764;286.659080051719;87.345600919561;292.690615700496;69.2671230507651;268.785221666774;60.9176913151859;267.40510030297;67.6886319923865;285.080845896464;73.1171480756854;291.465215695348
1;0;0;0;0;0,369.148945152135;433.588565124214;409.66922243671;429.870696417881;448.87966477195;404.470744134191;483.597754495124;387.522875475961;520.467137834523;383.888233251693;434.820165009506;344.928663921872;452.674564930485;361.315993486138;431.826167958813;387.845232372294;419.625870745591;385.673955454579;406.751613943952;336.455300420118;424.631213071266;362.297399536604;406.044172372236;390.037725475602;400.80574304408;380.055003232203;378.963365633357;334.90760982413;397.417694118559;358.798618184145;385.590821060795;386.29453693963;380.865551275153;378.606108709222;351.780411134384;339.942168488217;369.887706866635;357.974571538056;366.949483884781;384.127137395255;358.83650952104;382.89083037466
1;0;0;0;0;0,201.522482401079;234.776934371725;234.359828720505;233.479189854617;264.176140524237;216.965391869765;287.571983469089;200.860986049576;310.441826159998;196.345723580345;256.42708821302;184.802711120722;267.695671582788;159.504274264978;258.037833889133;181.26070099145;252.730163106687;195.15402898219;236.669698093985;177.694214916241;245.21176472002;153.911309927133;234.000962887185;183.349406808065;230.773573250802;196.071354603129;217.342636189341;174.056598118431;223.262047875336;154.831571457438;216.024288490773;185.142866026716;214.144695196644;197.707160824117;197.688033224724;172.57498750549;202.927634757321;160.56014385105;201.072940959342;182.184611349714;199.829551864633;192.925850928156
1;0;0;0;0;0,259.376325120897;346.88990630054;309.188803553352;323.439206476903;345.358652936535;276.011857169446;374.255141584488;240.1942692349;409.438737143464;220.002724654251;319.531896739351;213.36339489721;340.364313166482;203.140588467404;332.934816602751;245.923799654332;325.351272644603;257.817566723822;286.96809113815;212.330745764015;307.260914244923;209.883111253474;302.18876632198;259.052997231349;294.17158511679;262.715821155752;253.805538732817;217.725425998966;274.48062643781;218.160290515106;276.337061696877;265.850315807845;269.23566003217;269.783072797313;219.415294634951;231.308219940438;242.172144908744;230.160964593297;252.726416218985;266.231512815513;244.998294379649;274.272497851003
1;0;0;0;0;0,211.223224472632;328.253709020971;231.678766602668;331.729591526646;253.531579324453;314.346068017513;270.971804468162;297.419779482734;291.591798773157;285.148729381465;243.719751265089;276.4216293801;236.723952621765;290.244409680894;229.724043132607;307.375823555478;228.726693101783;308.192820294374;224.837044445722;273.017965619411;219.257828438534;294.148092023705;216.750828837052;312.063542037916;220.386623482864;310.849245411601;207.879166820365;274.979336181448;204.587609655697;296.643508405238;205.105371207945;312.868910293692;209.122695499345;312.827811700695;193.145004997123;280.426781626603;193.048154885853;294.227701997614;194.182396831575;308.731416300857;195.787413044042;311.725787206616
1;0;0;0;0;0,102.988433218138;350.029747505381;132.859182602846;334.686990743818;153.598808613686;304.992440594662;167.699301762328;276.292360304837;187.850023872216;258.119971289043;135.826278151508;277.565254296458;133.987494389524;254.411421836072;130.253641161819;276.973822743625;129.793498388056;287.462208514765;114.875144508187;278.41445349185;112.739672174687;260.0298063474;112.02842509643;291.20008295382;113.690218691865;300.159745101864;95.9939760556794;282.118515242554;93.8877542615787;268.162239792997;97.5169861114981;297.681232533879;99.8700268612059;306.176862092952;77.8911859541818;286.912139612515;79.3112122908588;277.764209521981;85.2597543617634;296.49933204362;87.1367507484612;303.236276589394
1;0;0;0;0;0,248.940344960312;448.870128645435;275.698162226852;437.506667746535;293.871243056467;408.191865714235;306.102903491073;381.719718294251;321.480464938442;360.495633706221;269.82759063926;370.871787054194;281.741419872309;377.950823298374;279.158760102413;401.202010250653;273.332082691271;406.256971275521;248.682867646636;373.941995640781;263.590112253355;387.210550868935;264.259565344463;412.352116586225;261.140497244203;412.503658126465;229.845835948699;381.985477858085;245.561054794124;395.482472470235;249.919575859119;419.039880335489;247.597944122893;419.327352095858;212.870118471837;393.965260436502;227.474592969872;402.991357641924;235.747024532173;421.456214558283;233.808014945516;424.860334701862
1;0;0;0;0;0,73.7389386683133;397.993411068577;108.698022223823;390.231274368869;135.199235578179;361.074842512853;153.620384694156;335.366113534189;177.843598485495;322.103084953212;126.844519397521;323.300422941479;126.799629718938;303.621993704743;119.759251504868;329.764193804982;118.742788579181;340.477882439447;103.885680376705;321.452270632353;102.649018755046;307.343594544028;98.790090605446;339.730884113721;100.310408830056;345.493418595913;81.4519150180746;322.30149908214;80.3711239748976;313.866756142439;81.0999993776747;345.373607831336;83.2308985861504;351.407758380617;57.384727774512;324.95802258477;62.0495691044644;319.384833333205;65.040860336809;342.353851894604;63.9564991538841;348.987262047658
1;0;0;0;0;0,196.253836434366;187.882514324873;227.076338997101;183.236798149931;251.183917553751;170.048361344628;270.935009096568;157.023835832354;289.546198757923;152.91179616368;241.148891249856;145.51701113618;253.155642832983;123.314452191806;245.053358519963;140.088816924804;240.327209670205;149.726008705895;224.638147174845;139.942663478932;235.748700614317;118.130176031255;225.731590161325;142.454678686461;221.323638247879;152.793599069659;208.770587828153;136.545209871563;218.082353301758;118.158488195436;211.005305958923;143.085165863893;207.321205794806;153.562209037326;192.796348904993;134.176806010154;200.793905493879;121.680041510825;199.021992171506;139.028512016224;196.55610573406;148.364008486176
0;1;0;0;0;0,208.918995441436;319.10176450461;172.353229881271;292.086486634109;147.77277330991;259.752995997076;126.100327394198;235.532689603022;101.222806425776;225.48220788381;178.499254925694;217.289946555074;197.193965145289;207.33597663419;203.068818923905;215.449595736858;203.227257939634;219.028405124085;210.634325489219;216.170698918839;229.520700138518;215.710869881103;229.656986024427;224.076749666094;225.404100910998;229.122899673614;240.213586369241;224.048208145153;255.124197333239;220.975035138476;254.010140537457;230.3124269719;249.803993736435;237.693351207164;264.681636055433;237.117040803749;279.296822658689;229.694184393599;278.890282347565;237.349257773317;275.593426637495;245.757899535802
0;1;0;0;0;0,205.927057599904;353.600787996836;164.781171407237;324.770564051399;137.105414791972;291.704278351104;111.413385865887;266.507074967726;82.235254990738;256.170316954292;168.34587543354;247.882748789667;186.956857093317;228.801687185943;195.73986675697;236.165458946932;197.050648507479;240.803160994009;200.196177553804;247.127986654286;220.892305264186;236.977177416234;225.207016615021;245.663974616049;221.863897793356;252.185610562844;230.794448391976;254.81893789995;248.049342349762;243.514141715221;250.372930790174;253.773563355213;246.581474731038;262.868629563333;257.158720379049;267.584770245974;275.05090682304;253.27232948815;277.951989481637;259.993323148317;276.133442911044;268.455316952749
0;1;0;0;0;0,160.39750201364;343.860735094757;127.38926999689;319.124360006657;105.850064019794;290.987318606799;86.1984515924408;270.014211936517;62.8613774364964;262.051416072331;140.282552642407;247.41267464596;161.931556916261;238.392461321446;172.324483338589;246.659084738893;174.696191092666;252.473150434391;169.088769513142;247.01709611672;191.909390942356;245.859126580156;196.821868435934;255.151094917253;193.053351498078;262.475388541104;194.444237389224;256.10301206032;213.420626891522;254.912134756657;215.494693819775;266.134623180542;211.095630525799;275.557335457658;215.815016318815;270.172305935328;230.755114957708;266.98489381374;229.117424496739;279.094581966459;223.292299657625;290.814803639375
0;1;0;0;0;0,171.804632221302;342.908551728118;140.528361275573;322.112010802161;119.567053888773;294.829642029153;100.751183838793;274.272199530346;77.5606820227204;265.940326958051;148.039509518215;249.414187595238;172.043339568669;238.612784063964;178.257395066082;248.001118986656;176.522709331798;254.944814431526;176.416225481596;250.204428835941;198.130246804627;245.216061191642;200.903128557046;254.295737584856;196.784870240629;260.807976723201;201.450546485214;259.425858142384;218.115716927125;254.00095548639;219.862261911135;263.140031615969;216.207990820569;271.163078151208;221.735447312302;273.631475708361;234.913418783078;265.456655203418;234.912267717414;274.321042559929;232.135498646644;283.575389706228
0;1;0;0;0;0,306.102551538178;344.868059195689;274.356152360543;334.048998637478;246.891934504367;308.942066740099;226.731301405998;286.547052565985;207.032351783472;277.137047607829;265.518455905148;271.222462793671;266.047545626014;255.610139911311;273.334982428707;270.647928788487;279.105808880139;280.538169288145;291.228595330465;267.509389548113;293.433030951602;260.856262904242;293.629569680836;277.227929022851;292.547760942397;287.672705684393;316.190194040169;269.375317322249;315.533174963429;262.328867894168;314.813420396643;279.793498056005;314.133542453854;292.274215029363;338.519829089144;274.94635179584;338.958962783098;260.45536479011;339.682575220747;258.750905116999;340.480601606557;255.449465639291
0;1;0;0;0;0,200.122352168931;363.284589653105;158.795123527299;361.182321733694;121.533091722328;346.278525115907;93.5545376710362;336.112779306727;71.2223836132408;336.575873757711;129.324726171975;287.682640060093;125.830781403697;272.883429195335;137.002954407184;282.774690036802;144.063133025354;288.166784598672;154.16800986623;271.573325491281;152.297160311405;267.670808449612;158.340974825086;279.497254136449;160.737481537281;285.359091954702;179.938259689353;266.174766879004;174.806649439318;264.257840654592;178.742622424806;278.448952623509;182.303330915694;286.915232672886;203.941569632358;266.852132811251;196.43112661847;266.466031379405;196.730335607485;282.772308191074;199.1311421889;292.443528672802
0;1;0;0;0;0,163.270722157836;356.267352237642;133.168450645526;334.390370105267;112.722469631282;309.047873598493;94.1118953276997;293.655023109087;75.1156875664908;289.285479688703;140.380198494737;266.918365415569;155.906021850536;248.583970847949;165.524610127665;258.67175890691;168.73567340966;265.956091303588;166.136447822337;261.924165625804;183.893819268126;252.32837245892;187.950946067802;263.901928089592;184.719390629513;271.627655595778;190.361314129645;266.934525451646;204.601763260586;258.679867875456;205.734146666116;272.238522416701;202.202357071622;282.580775443933;212.15285524714;277.932075621453;222.555993197435;269.840799262905;220.123073118469;283.460993814691;215.242868732202;295.20242571504
0;1;0;0;0;0,184.914553151501;350.952012810041;152.584631259614;331.345111068558;130.749026913793;303.530270010436;112.810006604024;281.082688977116;91.1457236693666;272.424527936069;151.657221919908;258.397492829166;178.214366542662;245.478679204277;186.040169926714;253.33538452177;184.335081410275;259.550819586437;180.095351291185;255.557001494071;207.147712806338;250.988517285512;211.872495043502;259.82395208324;207.3198875477;266.674551937126;206.941676758129;262.117381929451;229.36113950408;258.650278353603;233.25606107759;269.096088865911;229.102518730254;277.616125607766;230.597493734921;274.606813110197;246.167568947635;268.772725040119;246.684143602308;281.332556515532;243.018254242101;292.388987059572
0;1;0;0;0;0,184.474927417426;346.169830438119;147.9455386064;335.742562959796;117.637438211626;313.024709946436;93.6148697857965;296.493759143825;69.4892670391157;290.426640022399;144.729071307858;264.960802294623;146.481648290264;245.163615973494;153.508651295122;257.028860446951;158.062417572035;263.94268112389;173.307771370036;257.628345667356;175.382330862388;248.646331019016;176.301961415366;260.827387673724;175.788943687893;266.816081091289;199.097711747601;258.252126572401;197.543611269951;251.193152220445;195.942725034595;263.662123874702;196.291443874861;271.252799203187;220.998742917825;263.732941163301;217.803984152915;256.733022148406;214.530357499911;269.094071645372;214.72924976201;277.383538026999
0;1;0;0;0;0,101.711279168041;358.310180443141;74.8966445364819;345.941475943191;54.8214629250579;327.266530112741;36.4256191710443;316.388161583337;18.4985042262487;314.857522272921;70.5270547061941;280.46660442783;86.8178209704466;268.218447463129;95.9230392165811;277.111546184498;98.3562085780751;283.952799286808;91.8386234346472;273.655633201696;110.45525664002;268.186344147616;116.356346997252;278.335856626218;115.24474888329;287.090283699436;113.54354201399;276.432177186827;128.858104212366;271.183215276704;132.875388655919;283.285682559656;131.625267829004;294.194979356;134.30175021864;284.579981604692;143.644365532552;278.581335909759;143.943030685728;290.128678308319;142.068903877839;300.602856012415
0;1;0;0;0;0,294.248185025935;353.485004677725;272.583788749148;318.280207313803;259.864659935245;278.305550798365;251.671944430584;247.727570301617;236.504688928436;222.853583256918;289.246655282332;257.442572763375;298.093284732494;241.871791401173;294.885421714675;249.363375985551;295.896707113881;254.164198416294;313.997227438279;268.515184635919;314.978622081042;260.9474649089;305.581661989425;270.614105523134;304.880623571393;276.000324898691;335.622437741068;282.303457005521;333.730886588788;274.750440366379;325.101812772816;285.045176849516;325.696689749873;291.389101704529;354.302240201128;297.186660183887;351.280372627202;288.549189728641;344.282559962265;297.741254102454;345.562398580874;304.35688932955
0;1;0;0;0;0,245.782103510941;362.723111596032;221.34779466813;334.211376644374;204.815254295312;296.859054220674;193.850919479606;269.078425121784;175.771349857237;248.360702883892;231.915275768341;268.288048324635;241.67546619617;256.469563579342;238.383960100492;269.713359579304;237.240582190831;276.800544949087;257.740718783643;275.724746284007;261.048011396949;270.687013092486;255.07100562273;281.75358133145;254.92396070494;286.892182557112;281.309231760522;286.604858123909;280.671218276;280.176782501721;275.225464288131;291.719352100317;276.606744850776;298.101142981164;302.191293251123;299.040468018639;298.135121395493;291.136667448469;292.317451106887;302.339282741062;293.82091432976;309.174769342818
0;1;0;0;0;0,199.878607169115;276.502276150492;174.162885090295;248.817436734569;158.056398699612;216.448553394425;147.014716978764;191.717875160166;130.031255123942;173.989552334113;185.379166125347;184.239489280761;197.43533232504;172.501782438419;194.445885972484;183.508514662611;191.150693701186;192.420204052231;209.574333768423;189.036200613344;217.13689430756;185.595291943466;212.855939542548;195.045412185551;210.693565562003;201.563587637649;229.846658026342;199.105773904896;233.72406977002;197.102053117364;229.665327820828;205.402279116025;228.575263814562;211.129294542717;246.304801704888;211.084709991033;245.696625374283;209.926671624317;239.883164737802;218.293854557441;237.85743740412;223.84326550442
0;1;0;0;0;0,170.105985270682;221.910149585493;149.055246745924;190.378914710058;139.069435389275;160.830126821122;130.949710096884;137.205548472605;116.059671918503;121.861637404282;154.570358357133;125.726104941069;185.631110227606;123.308354079026;188.028038109199;136.501383121092;180.48257085441;144.119822418526;175.584129434602;129.663062561178;203.361657296937;135.183707453684;202.905440156322;146.331609549901;195.576884873273;149.459666637689;195.479925398492;140.154290567629;217.277813235319;146.330193149233;216.648748296077;156.754173947361;209.101779951453;159.841535598308;214.101263224224;153.218923071608;227.535651275808;156.471076219535;224.795704572756;169.778468385896;218.50594233559;175.799828273254
0;1;0;0;0;0,196.136706749304;463.813489945096;173.641122698342;436.472410012196;157.087770576141;399.752830154561;146.684829347045;370.580098729188;129.195599587797;349.266174611337;169.470757835691;384.463112012607;190.272518251801;349.311687640356;191.021887628021;367.773963386278;185.290886812057;383.024623991037;195.939200239347;393.090724349454;212.299768900022;360.42269623951;209.988280410005;375.718516363954;205.638440393428;385.095355949264;220.629706496974;402.843075306249;231.173158278521;373.279558943239;228.955802660507;386.244279036929;225.77737919953;394.773940306797;243.653326541148;413.029822261379;244.617260047389;388.889491312707;241.13172962908;401.63821250449;240.41582003879;410.734201203104
0;1;0;0;0;0,243.568952214437;364.053114369048;216.201365336958;342.344075028899;199.206179625824;315.641564053902;186.766223380355;292.320069654502;169.785474111852;276.033094705879;222.817506845592;288.183506578419;240.296912990004;272.765637048458;241.551181175623;283.76800725688;238.282902471784;292.684378264256;244.458229740626;292.260232983841;257.009376769643;284.621880578742;256.328970098109;294.76477382194;252.574448741195;301.006846625016;263.856871654489;300.838329788427;272.791405147006;295.875433866643;271.373901470813;305.396397397264;267.37545814825;311.213568716857;281.375243038412;311.73166530149;284.252653682499;306.802589061438;280.805276149502;317.164978366156;278.098653151502;324.38157106957
0;1;0;0;0;0,231.642860465018;247.177590684637;213.317051809123;219.23787241292;205.642796727399;191.972725948012;200.568737638003;167.655655289579;187.588133927868;150.804151419079;217.471556152217;157.662158587706;252.751524025839;160.292909018613;255.391325473308;170.733089563433;246.368525306023;175.533140307447;236.939699736268;160.988433861443;266.472008821356;174.902664023924;266.54527769557;182.665459959767;259.151981438126;181.234129180473;255.239348761131;170.869387270703;278.301577792062;186.588562882806;278.249099118252;194.014453652846;269.977015758978;192.666013959615;273.462470344764;183.644800927844;287.745714449249;194.827976956949;285.508221471722;207.92212793071;279.321086235238;211.096535329908
0;1;0;0;0;0,255.217790609123;412.882062349062;228.196210669073;391.798261950231;207.856755737965;359.772352754544;194.485196714474;334.147128575449;177.233886880978;318.991680060014;238.150579595894;328.801735766869;248.052144859923;313.016102200702;244.910529250461;327.477998673745;240.734577835179;339.079268514221;263.705807692744;334.873056705472;266.712669196756;325.61594098179;264.037798759342;337.783781633231;261.669824357079;346.627771652203;285.01468283111;345.496545590885;283.688114694708;340.124148408788;280.843841714075;351.107016157959;279.163957702508;359.278333928355;302.368702093642;358.632176534078;295.690498876026;354.021421637039;290.600819199394;366.652883015469;289.644280275072;376.246104476218
0;1;0;0;0;0,245.347005628997;289.056745695591;222.682118860318;265.774525663835;211.69137555117;240.592926159314;204.788725815388;216.736678430478;193.185828967131;200.002771454783;231.404549656776;212.208884481213;256.541822976525;201.437398196772;259.912916837119;212.849779691667;253.83664821866;221.099038451002;249.958684525891;216.918915373284;269.183485871811;215.896042193019;269.203150792669;226.360825442731;263.267619639661;230.448200576493;267.049444863222;226.912366653404;281.562664515691;226.276947227975;281.157654315315;236.000057108999;274.637082807113;239.771222851986;283.389959264471;239.915924950734;291.071128015106;237.528966384458;288.024803112809;248.253306905977;282.835326753185;253.755150100788
0;1;0;0;0;0,172.616862342846;452.70035588101;147.699175192475;423.597002894809;131.915835428511;386.504530873959;121.66099892382;356.518087755965;104.295714466226;332.251161261045;149.383671372127;365.421055484245;168.31989770767;334.004612749356;170.568915550689;347.449732860563;168.823876534631;360.389195196715;175.533875125202;372.840886467716;190.752027190814;344.872694897856;188.962721265;358.758185119171;186.347252147824;370.114690038495;199.547343318475;382.66265018995;209.688481675355;357.567170503843;206.461158100327;370.447219706826;204.059760695709;381.537064898267;221.089551379768;393.670180756689;222.546096096034;373.081052043769;217.442863920119;384.97326800839;216.272916979005;396.364575302052
0;0;1;0;0;0,"185.7354722298121,405.5819747809718,221.61689018878957,391.2221531856495,245.51389927585208,352.8554636461174,239.66974330977376,319.8113958253271,216.16381330270588,300.0929560781154,233.30471693544746,284.0872713027777,238.20230390424487,238.11410968708586,240.90329474610894,204.34178737670968,240.74747487927854,175.21439654926064,208.71068150092728,284.18948914399846,212.29898993488732,246.46748624094636,222.420200694396,281.6633843618279,223.33585102591087,309.34545617852393,182.63234594075925,290.8339115839593,183.5939700150485,256.3247801505303,198.06082125015027,291.2282792811142,200.6089167815288,318.4775619762432,154.4545143120399,304.336957458459,158.1102468548987,274.077340742994,173.34529836897335,292.58070442143867,178.94526461933503,315.75991530443093"
0;0;1;0;0;0,155.980735787229;393.1960839975;188.290451435325;373.75268022159;209.830925283391;332.264309318471;202.088584939408;291.218954316969;177.058124659249;265.964869742993;196.276381408314;275.311854393974;203.99288136976;229.854627269152;209.470958696432;196.874384500896;211.634937894669;168.658042466275;174.500948376367;273.08997225702;179.902269493666;232.788756375334;187.095836413655;259.39198438743;186.663501848413;281.193300760704;152.783465102224;277.28040444;156.650765726336;237.823873414587;167.654943186975;266.198501789081;167.188460162867;290.083842994262;129.207573880549;287.843101952268;135.914384233778;252.733755363464;149.478326784278;267.13475364807;153.004355927781;288.040892597865
0;0;1;0;0;0,350.613831002122;394.267375798408;383.127484519248;377.814020930415;406.785571634058;350.666889564308;428.55904883949;330.690691794597;440.971444135721;318.467064050558;382.389157642366;300.036120870313;384.500314183437;260.391209389946;385.743405779113;235.91398605632;387.291661891183;217.37303659527;372.424054989477;298.471867125418;402.711458270538;271.579371142795;416.875065189105;295.78963183631;415.625961765487;315.21331765903;365.091466867443;302.744358400749;395.345924731924;279.534782783663;407.06627707914;303.700847942003;403.0116591538;322.725288508116;359.202796782835;311.406944459944;382.698002252959;291.611060753426;394.462393238489;305.057002564948;391.328667481869;319.986645323473
0;0;1;0;0;0,178.905846641662;397.999896762603;217.087338434481;382.771017139318;246.758025644813;346.731675336047;253.252908941606;311.928293333901;239.189046929357;284.226285657635;233.642191418295;281.110218372229;244.548379135071;236.504821666164;249.818051929323;204.040035487751;251.845744414538;174.436342102407;213.411364601943;277.656959126367;224.547177463045;238.670088504622;232.580269278105;270.337145230333;232.383886335585;298.043041422978;190.269691392151;281.106795877635;199.793694177681;243.454498218673;212.683422479456;276.376181434389;213.391718731771;306.125623467017;164.205567815283;291.104304208838;173.605209945474;258.998418628242;188.713463024209;276.212523332794;193.584115954546;300.856843008709
0;0;1;0;0;0,198.026079344947;413.357886413752;233.981280309973;378.509149268707;253.052834892827;335.808659628717;252.900385157305;299.653849538924;242.461490964435;282.95859423819;226.267433581068;292.547112763865;232.923539955824;246.647500378065;232.721838532915;223.341936242158;229.992368299468;202.395257849283;208.838656345187;289.942887953172;239.113205223995;263.076995004547;243.686005364215;296.593946008166;235.885824625557;312.855517144939;196.073526328281;293.491284187289;224.89369747052;270.908955724148;227.111344958938;304.684885626346;215.677120271514;319.92255380857;184.29502934207;302.938170520346;209.393903377565;282.620145539241;217.617972197802;303.633878546367;209.582546150226;316.974787842564
0;0;1;0;0;0,81.3714583506191;407.064541175952;118.377585654866;371.729155362169;138.981978884002;326.303069452409;121.48118777239;287.275863648886;85.3066992443676;271.268319416851;114.849133289384;269.456577610779;115.018425982978;223.858625945048;111.834842685751;197.112566987115;107.147833439333;173.332722858259;90.3074525326422;269.417044177736;92.4768234701347;234.388350054371;99.7124466165707;268.777111286446;101.690446336475;291.786919512806;67.7934645061924;276.602047488322;69.0188508315653;243.678572858804;81.4929644159196;280.58161329515;82.5836944635934;304.619829031872;45.0023529925116;290.61774294538;48.9537574337891;259.174944385024;64.3361539259736;279.254765962346;69.6556401258131;299.071788641563
0;0;1;0;0;0,195.966401236304;400.579734792501;224.131981559858;380.080662896832;246.023794669857;342.349845463692;256.772746798654;313.788887282547;260.631413918977;296.475918890071;214.688324135172;292.653861551287;215.568192717605;254.947656205489;214.163233185534;230.694383780515;211.444855759405;209.547093232909;198.221391979256;295.334220677486;225.010073761144;276.293828904895;233.771532536988;312.674051586269;227.66931643881;333.657737822207;183.408153350569;303.15709671177;210.54015304135;285.439756687343;220.051794563595;317.15341562725;212.626678355678;334.379841441799;168.919938714111;315.021611571451;189.331692713864;296.361269986144;202.194995921514;313.153459822957;198.810233840958;325.682809362715
0;0;1;0;0;0,149.3012504046;394.13052362553;182.360512310552;371.128462487414;204.589027390282;330.089767456937;197.453961638807;294.716985978767;171.127687259625;279.231237338916;180.096759160549;281.620543113468;177.388090350425;236.300429844325;175.221558006502;207.254488412246;171.042929674393;183.039755128079;159.708756702374;282.421729738665;166.55683014949;243.874201622934;178.306638289301;276.084130811786;177.436651293099;299.049341866551;139.954018694015;287.905051478405;145.364076597075;251.224098235225;159.624675815997;282.007304973544;158.832606137747;304.222175970616;118.86318980206;298.274163274159;126.177167718707;264.661336925258;141.879880879289;280.564443886871;144.311300624177;300.122280152161
0;0;1;0;0;0,76.0936266378498;421.007339504576;112.029950829826;384.886279718176;131.063486079731;342.30405039964;115.064503544802;299.907355729403;82.1017802069501;278.659659079958;114.874621350572;295.443265756814;124.922850809083;250.905250314276;131.333339611039;218.777261026253;134.415137229067;189.408749609855;93.0432008478434;293.338499645509;101.94436321413;254.289430681924;104.786454772972;287.078175865035;100.582058695682;313.204979028545;71.929234730371;295.996721905112;78.9511215110652;257.70843281252;84.2472219021597;291.175521468422;79.2437987119382;316.51851652986;48.8558093384653;303.725529913234;56.13022087188;266.755082004945;67.0234959746444;284.66605389737;68.2192259838966;306.70641567306
0;0;1;0;0;0,185.468930979998;395.227703308067;216.66775964136;394.59768372472;240.484568170081;365.710427738123;238.041060321432;337.302146470599;220.617356527347;318.077307749087;235.94200585555;302.934701086729;245.14534487244;262.792782184214;249.307092245913;234.762764512342;253.342413791266;211.456102123352;210.541834623401;302.751261067981;220.233600261816;277.358259167364;223.773814600132;308.908734853753;225.386754522572;328.893591838508;185.969008541792;309.649246786989;194.33581180977;290.812137273635;203.813297139029;323.034170625583;206.903750734475;341.965165773836;161.693886613335;321.236120204126;173.019925750205;308.200747863591;185.508035301603;328.449867545063;190.321221972935;343.632096478581
0;0;1;0;0;0,105.656953619698;365.839809489642;124.873283987772;343.501141449758;131.614191890684;308.782594469073;123.62032237622;273.601393183043;116.826730460502;246.047827585132;149.556146937818;273.607057819397;153.282958304963;233.701683151201;150.70548054074;210.350903347875;147.403800488227;191.902898775583;130.589664582305;278.523512640136;114.963198818784;253.162120782739;109.697443340022;278.310589749041;112.679282564153;291.06724507269;111.959852710546;285.815337809525;95.4857912635447;272.451092565273;94.7347545093216;297.751458533927;99.6898874130821;308.221566445136;94.7821507202797;294.28917363954;85.4855374332253;288.765903122371;86.2889578398189;305.792667305569;88.9917668175868;313.668409564699
0;0;1;0;0;0,86.5739296440416;329.300401507336;119.524035420736;312.380738450072;132.649486423957;280.349359854328;123.263192989611;245.070266652607;103.960724029101;221.038092835759;124.149790674843;242.327119466005;129.374629854766;211.05936598251;129.006063543189;193.057320553813;128.308456070761;177.697551801517;100.826109331521;243.232007565112;103.06620722676;226.314037396466;103.640747590656;252.451779661159;102.174879544286;265.36359034545;79.6254078623713;249.55925622157;81.9135905616238;239.888647469789;86.0043632539413;267.714375298151;85.3513092597685;279.966554216191;60.9208299364556;259.484314780481;66.8122276362781;254.553985433894;72.5061158056662;274.753078916826;71.0017000228588;285.538493750982
0;0;1;0;0;0,204.626865767182;426.890828733302;233.17426261318;400.297212045864;244.266945326471;362.59533043869;237.264046849016;331.65212664526;220.57465982774;313.72968024155;221.704461438993;323.566905149527;231.115613904284;287.39135561404;238.761084994029;267.167688450683;241.750342004665;249.890780693542;202.195888673317;326.84602357659;217.17567633565;298.269983160741;228.491298180673;326.484971001848;227.083384992023;342.579976572531;184.622854796948;336.291418171879;201.194422295038;313.611817319498;215.431275727412;341.625151450403;213.462675598882;357.16967089601;169.120463752542;350.240598253232;187.708154198524;332.602301008945;202.740701354145;349.878146240998;201.792332406783;363.410893199376
0;0;1;0;0;0,244.86725153293;463.965936570112;275.948389760304;428.419262509964;286.132730617356;386.356385426644;284.910562554315;354.007167890107;281.14993761857;333.232773183873;251.491923145797;349.488365662773;256.047417843003;307.748594096198;262.705325652384;284.220921637561;266.885424329597;264.352896522718;232.626703650372;356.143980384781;255.974745615394;332.026945975595;267.803304527668;363.547462135521;263.664616693188;377.389277249238;218.867076869847;369.674666353493;246.383868806619;353.230697823173;260.077894255351;384.608306934144;253.967484493489;396.649018673332;208.860669912629;387.192281287069;236.845351562836;373.896390755717;253.079209299796;393.830938402986;247.673099084189;403.479688927204
0;0;1;0;0;0,50.0570057065477;409.94096788515;75.155256818048;377.610323458795;83.0479466601355;342.16008185497;75.6469129084535;305.075027302539;67.0122901212761;277.033234945782;87.4230844547531;314.713771802985;81.3745507938428;276.343719342603;73.9510948283755;254.39865624724;66.7074729471591;236.1460216987;69.3226735770485;320.760788072998;50.5597704417992;298.147759780645;49.1661524347769;326.419041904312;51.7297240285919;340.565549044544;51.4026076729207;328.694345478209;36.5985364907482;315.204410658116;38.3672677058259;342.706219511886;41.1538533694434;354.598879720383;33.9513331183;337.390584915944;28.6931070662046;327.933667266828;31.3707213057881;345.98092471673;31.8602360962389;355.798454274056
0;0;1;0;0;0,71.6937936686212;305.008748326978;92.7622393081667;282.679937353055;100.27800082078;253.728216585275;96.0789271324352;223.43192009334;91.6709811736989;203.676248412093;119.160417701752;233.812514960426;130.192404420471;198.171188886632;132.774877457169;176.493735028227;133.783342022185;158.554199599769;104.76120046797;236.244480199947;99.7476617908491;204.686859808182;92.9201022679671;227.028599495758;92.180909894427;240.74368803009;89.1838598099706;240.188805792987;77.7152520693058;214.786478496589;74.7049442332339;237.09245217997;76.9987406107926;249.296905116915;73.4407709837426;245.981378605837;63.3874570798425;228.590702539366;62.842940649776;242.901118802455;65.0227910542852;252.948301097265
0;0;1;0;0;0,193.99794660501;365.139163735336;218.840202948699;330.050393262707;224.707200703276;297.217257094812;211.48171916968;267.574372639415;194.885164182924;249.998762661974;215.398014983198;264.332135659602;212.928048088737;224.423530449834;211.401020152314;197.642118002882;210.086701588705;175.848518399279;197.282174217968;269.819262049368;196.890425810934;246.021044372797;204.745448345844;268.402659514141;208.418338266918;281.496529074673;180.847056815419;281.088096541159;181.443544569275;267.837901250722;191.72998902074;293.204477389719;195.149325904162;306.478819765704;166.311156746976;296.130633192957;171.678251595251;287.626801575161;182.433482022952;304.095446653162;185.671481721226;314.160509186228
0;0;1;0;0;0,184.423350379525;387.657136624874;216.633364546302;359.40675477212;229.532472723266;321.715644971807;225.408702268463;286.177758906734;218.393489766558;264.887996660276;213.856620288751;289.897557281876;215.294712670474;250.796179255409;214.999928312302;231.496249859363;213.499485229749;215.495431763782;192.06628500827;293.482441784627;198.793226968273;266.704980359054;205.445004940237;298.709610160854;205.452924572929;312.262507055418;173.165475187971;301.608532788767;179.500421601704;282.631314965335;188.768775552689;315.223563480337;188.632026676424;327.783762865948;155.94369992821;312.801893763027;164.881980004012;299.708740378111;176.112861599097;321.205135367269;176.198537108587;331.057402947629
0;0;1;0;0;0,164.794528286304;331.214246307707;203.094060292582;299.430234973866;216.803556365596;262.826925504199;214.420449065573;228.564880264853;210.602993908468;207.828840469708;223.220218409138;242.51787356063;231.2492068658;202.873784129931;234.434958380754;181.037476928539;237.330561491468;163.500274778329;202.198020106385;245.709940102207;205.278627027988;216.514187626302;200.97033096137;245.024910462778;199.716972579216;263.700678077239;181.741747332786;251.317651729029;181.972425688777;226.460594514522;180.910227460088;256.897807023892;181.458911599113;275.848874308614;161.477274607399;258.811607912669;161.880241016327;241.134108296337;163.813692068416;260.435087544548;165.248649788593;274.861869239794
0;0;1;0;0;0,248.052048472627;444.960300927207;272.838628854921;416.11223956295;278.550157159575;377.669553852712;265.409011818002;349.281772786637;246.984507050635;335.71079242161;252.633005881014;340.306387859476;255.416446170268;302.455363041973;257.561041292463;282.891927852332;256.986399418142;267.319536317575;230.877898450885;348.445134346671;244.978058283972;325.26412313378;256.366093793947;355.872660968339;254.036918202452;368.289642909118;213.924661351736;362.284274284291;230.707355560168;347.797472278763;245.015960610345;375.785734492081;242.474120838039;385.023009794615;201.073754831966;379.658143170065;220.011906387805;369.686906942722;235.448099382551;387.378517518543;233.42915292993;394.882571282878
0;0;0;1;0;0,166.623342559622;351.735185159049;203.71025269635;339.444369939625;232.381385982332;310.930058543012;252.905093055154;288.658977379305;269.239796043322;275.637533533144;226.587723948737;272.904601527976;243.999553773764;239.800432136277;248.064944249515;252.026354105929;249.21441547108;262.826364334336;208.730866992582;266.64477116471;223.205021588379;240.294838562658;219.528134628864;274.452622935707;215.102726066417;296.19176552098;188.397747518451;263.153492152388;203.443695599768;240.104627336055;206.947056963654;274.912611008019;205.696647645288;298.993827297064;168.619994992394;260.503337166584;175.534699579129;227.162017182932;178.874800116284;206.853291603887;182.846375977156;185.41198407734
0;0;0;1;0;0,165.678575517936;353.724198475556;204.748239029434;335.793403430885;230.650701129456;304.595771967338;249.51018252064;281.605816666054;263.476318088529;268.345052627712;217.291476396308;269.051595651879;234.88194802701;241.090185006534;237.6234100554;263.495159127962;235.60052232094;279.901654599967;197.623958827202;264.150810875406;217.759372727359;242.385905856034;216.158409845878;278.914704727817;212.133826347123;298.907906293179;176.275222768201;262.49907276239;195.690838025608;245.159240006627;200.665594650496;281.758873133371;198.775751299188;304.686918465597;157.314148771623;259.985714810345;162.791746773723;229.241424202098;163.699493298871;211.727555789771;166.317809316721;189.920749918473
0;0;0;1;0;0,152.302468457519;333.386725459805;182.549555263357;323.695884698504;207.9295141393;294.162929803783;224.764164427052;271.597301427504;242.712058666342;259.731802535385;197.89595661807;256.320441127442;211.761268570747;225.625827995591;220.156229992591;223.295599037629;226.403731043548;219.447177358788;176.561393338698;253.493380799542;192.827903837764;236.379247270953;192.85641236832;271.183872236176;192.164406271202;293.070754539627;154.823407662244;255.02905008298;169.324846893886;242.39639905783;176.32980275083;279.659762910709;177.529946704968;305.415525296833;135.171420848033;256.279783388999;139.728552471893;232.527240197669;139.86632095467;217.900074040232;142.311004371752;198.524638178204
0;0;0;1;0;0,223.580613005045;337.493494570346;259.13238812846;332.012766860466;283.351759834575;310.630634722062;293.788844498437;285.327823693416;288.510876421667;264.254518805691;273.523312162738;271.71774251715;283.184377626249;259.32302792896;281.413411237493;279.299254629817;278.958213005351;290.673252357925;254.427204094639;267.29958715359;262.965127511771;259.782538842657;258.415350126996;290.438480054849;253.573731371833;302.178203339539;235.096181874574;265.923133906428;242.292990548184;264.693477064567;241.100719193303;295.073260901849;237.733820643644;307.995647162632;217.896248211357;266.194743141425;222.556400010139;245.552857284797;226.354853001006;231.653379158837;230.146833650259;215.496301143443
0;0;0;1;0;0,176.256549460092;354.345709669462;208.373886334097;337.420008553978;226.879698005398;305.972224993323;233.444493232111;277.458121138461;231.271460133415;257.419635812834;211.486567707883;271.987821795415;219.791926769966;245.187660684316;228.249414932613;257.99218225666;232.773602889465;266.229490053568;191.710691146005;270.883952949752;200.914212751943;251.732171862986;206.393834248627;282.979674355175;208.579801682997;298.937596294087;171.663528786587;273.469096300956;182.245354102351;259.075290318322;193.518974346155;290.370932698309;198.156821271984;309.343920364678;152.999739715229;276.375758101483;153.8763376422;249.37056176611;153.095754785782;231.385751791182;153.425817351527;209.917755640482
0;0;0;1;0;0,65.0441388735143;363.573852463024;103.657300307179;344.436994526774;127.99687949469;314.449421609657;137.351192346907;282.893925789006;133.487699707056;263.597593692149;118.410583635077;275.701928134024;124.201030578774;246.644084049867;124.304772830473;270.639095326028;123.437688557862;286.181260194381;97.2104100542356;270.806062554779;99.3956077417076;245.9519446963;99.7981691863231;282.611332723079;100.213810601074;299.749692998726;75.0324120363339;270.224558740764;76.6864998334029;250.148650083539;81.7615623031392;287.494936970593;83.4282414492352;307.613870172883;53.3858875836498;271.991060467778;52.3689170858023;237.572666837978;51.4442961797289;218.34508071673;50.9221733612125;196.039606423515
0;0;0;1;0;0,141.734477194597;367.940342310116;177.241473533678;352.634122190822;200.588236756421;322.476848838495;206.13386497716;292.861599887264;195.953263618977;274.314836802902;187.437348716293;285.535078018506;197.720288905914;253.638665479936;201.319391677869;266.409432266859;202.674914958865;276.01861008413;164.758043101237;281.975279833527;176.635981880673;258.514364277625;177.270351695914;288.935958225874;178.877435310965;305.931134030778;142.799157830664;282.364558803928;155.31748153169;264.381898463306;162.307098207817;296.953070649254;164.955541686217;318.800115613135;124.296396045065;282.512727927339;129.97204843608;255.453995287631;131.646158935065;237.795620180158;135.707591429452;215.469892817921
0;0;0;1;0;0,132.211026555791;364.706769111671;174.157011606911;351.053106423111;201.661682200353;320.846596693298;212.164917970791;286.150450667935;206.786135789565;260.211195252217;196.547545771414;284.380670568952;210.518860304526;253.743470462785;212.311788881889;272.928179836374;211.971956516921;284.916181808861;175.43359475706;278.857246380818;186.291727193819;252.863275935032;183.852883361525;287.882857754208;182.537549157453;304.883617846518;152.874742122131;276.032512549485;162.631613814209;256.198388189282;165.626350683781;293.16477376328;165.694834700171;314.408839116685;131.84899862704;273.276635148306;137.237040998294;240.66182063649;140.174666367057;221.419490815929;144.874561180183;198.942783897634
0;0;0;1;0;0,131.504216614573;374.120462498876;173.431024516441;359.71921034705;201.120424022023;326.404380344485;209.785214412042;291.695358881953;201.317081178198;267.150999518607;191.675972626419;283.978175917202;206.221065546505;250.737974252211;209.256047751026;266.707346275067;209.254971602772;277.914035429632;167.687966160174;278.394463968099;182.741494271088;251.252315854925;181.399154773989;284.326780376767;181.332891129782;303.461262573559;143.05578018794;276.661654612807;157.984780155077;256.027603428764;164.384175955781;291.323304276594;166.022381317451;315.868857979429;121.400100502196;273.764750965899;127.046662967668;244.27037272798;129.809388769604;223.193469081262;136.84286619909;197.551828006859
0;0;0;1;0;0,112.750009897532;364.866258241497;159.824764663411;338.789985710588;187.230928414849;308.25179852482;198.578999963329;280.533198286117;198.79234331426;265.479739832943;180.346527462702;260.236548729873;194.889947651915;220.742083331234;197.763729877746;222.944878909016;201.334825354709;225.992464331296;157.47165224978;256.65077789853;172.993526577816;233.574822972551;173.674067945959;266.656770269315;173.10453283412;289.151376666114;133.490128544568;261.453915813855;144.528925421974;241.304131418529;149.04115281782;275.342600550628;151.158187908088;297.540584547315;110.899957648954;272.45146247714;115.188260873398;243.299718753087;116.938280172151;222.568134064025;118.46870968761;199.040123190207
0;0;0;1;0;0,171.074261081261;376.438871466229;194.567748769522;358.289573023677;204.633212331539;328.474642525023;197.085852876355;295.938491700472;179.879136011531;270.55133117849;210.63087490633;291.157007928506;212.911254981101;266.773692248985;213.518394367972;282.520580003457;213.526144690423;288.102283236605;191.808089190459;290.428088758241;191.775689742207;264.655518564667;189.935128812322;293.344224532339;190.339806299861;305.265454441361;174.115886783491;291.644978718325;172.869709837132;274.861593515486;175.943710209609;306.580568941135;178.215445976667;324.477753613334;157.68218143105;292.325228969646;154.37701135059;263.594172368947;149.450560694943;244.895821827661;148.272268162458;223.986286131685
0;0;0;1;0;0,210.878546891298;439.528779695921;238.839313005425;414.377621259802;246.701478460939;376.815467347628;231.651703228376;342.250719635842;202.689461557507;325.908944258603;239.589551574705;332.528850642734;243.871384745959;305.927657401716;251.690817960812;330.835555023984;253.728729252461;343.983542943772;218.26425533043;332.933835720848;220.175685039866;302.540043550673;228.291183335433;337.725976592286;231.371415487092;355.182865038955;195.928495965026;337.059403390755;197.221801121531;315.798112543374;211.958128850437;348.975294734632;218.89437174517;370.680073024989;173.483581353785;340.32233298103;164.421094942989;311.907232634202;155.420548627569;292.583957895496;148.69783884666;269.32861881851
0;0;0;1;0;0,176.123423981962;445.927512746842;201.50823270748;419.055864910321;214.684159490208;389.826324179944;206.682856536049;361.652124762027;182.006096000556;343.597375208184;213.162590244493;350.309426316085;217.138862185941;325.071836613552;217.643798927694;348.701640177317;216.320841823131;363.27310867473;194.060897668621;349.14416689457;195.249717198232;321.110867639515;197.615724770444;354.138846673353;197.681887007351;371.363897005312;174.229079599725;350.934134365728;175.050028995001;329.2765667071;182.08744640258;361.934500711429;184.284245741004;382.876651788158;154.962096634572;353.833998299417;150.356081172479;321.421543147393;144.565148773181;301.400382664319;141.407206044063;280.688956192429
0;0;0;1;0;0,148.130199819889;367.961783811476;172.469899879519;348.461792437628;183.701698069252;312.340895683689;175.812877558779;277.70696293766;161.876889673065;255.095666215008;190.841223357775;274.006064281385;188.633624534969;246.746340539659;184.914772825294;269.539126459309;185.683848307075;283.608751937092;170.252881121196;273.608151521281;171.595270499945;246.614728936527;169.222972040396;274.652491046572;172.913364214871;291.575789149159;149.679693318707;275.71741840892;150.413721719477;255.271465826993;155.671706701756;282.365681724224;159.908971333175;301.103428979043;131.344082748916;276.883373718825;125.33719118704;250.18145958161;120.845976280696;229.066013914203;121.247913545702;204.489238640835
0;0;0;1;0;0,161.563841856509;386.959247922552;176.939726337246;362.974249555199;182.675361912762;332.922597151371;180.901381824466;305.079525805627;176.932698007243;286.686635224413;187.304414447955;298.278782587006;186.948145785433;268.040973980923;185.012170436613;285.82116691749;184.526844121848;295.799210969594;173.937023665612;299.439712002683;177.450490337353;269.29585501111;172.568562672465;292.560560580936;171.616987564021;304.412429528056;162.196960428428;302.775637219002;163.89024865862;280.655095910745;163.135060508465;303.729864022326;164.194179128701;316.88006094753;151.60280782011;305.147399895795;148.353456102739;281.276978981519;141.363469037288;264.056373098116;135.094837637908;243.039374311824
0;0;0;1;0;0,170.266874040543;408.426249536347;189.088259816186;394.691569833034;196.001692472067;369.676771112323;186.153359033864;346.061329031088;169.165153646487;333.977543527655;195.575195303538;334.597581437983;191.415895641725;322.357164062212;190.984148797883;345.675277550729;192.700159876481;354.327838735938;179.903888693403;336.151141259376;177.282440594669;322.186744929568;178.840258920318;352.171066493226;182.400934847201;363.109254403174;163.832236435945;340.148907272321;161.789963601923;332.52116995807;166.929142414438;361.655200791946;170.007712463805;375.694284690231;148.395010611592;344.498427919706;146.54750469838;321.183102954715;144.81088599897;308.648880491018;142.973067427523;294.110983118632
0;0;0;1;0;0,113.354403321712;404.395195263385;129.16331702799;391.44482876173;132.050118639408;362.416310110141;118.289743304102;333.053252164486;103.228113878829;312.785828464044;144.716688448946;321.585285088628;131.006657031617;304.237061894398;129.167635970531;325.466130331595;134.408289785775;334.017256396273;128.611183108068;322.239425938484;113.180000793662;304.046703396314;111.565990852233;334.223302692227;118.951348101243;345.405618457948;112.038110768038;327.0716425072;97.7713526385419;315.752519315787;101.186749012648;345.596131973803;107.845708557526;359.794874893334;95.7123409380635;331.298061629667;85.73092372857;311.799462617374;80.8203151766905;300.600288692757;77.9783014735171;283.81790481075
0;0;0;1;0;0,149.961221032504;413.077418857145;173.215487293076;397.197248966103;184.058393391252;373.689751528395;176.792497167655;346.802238627495;157.544351529365;324.941846612034;188.673685644528;338.613604525699;189.388727260273;320.016774703613;187.606685463217;337.571535391355;187.688893218648;345.120662730046;171.128739271298;337.750035928655;170.238092129276;317.814963851403;167.065104599143;343.953736945978;167.218826769619;355.074590860753;154.435766278852;338.210616339837;154.30053772937;325.826672844934;155.145153866322;352.920026968264;155.491707225766;367.970661898749;139.492929728709;338.567106563275;139.148942812299;313.64249150819;135.768474390306;295.731587397313;134.728519902119;276.690228346765
0;0;0;1;0;0,154.31269626857;424.794915348044;171.772184600442;406.555141252444;173.588930677764;377.542471231544;157.382935554567;351.169675337504;136.14519726703;339.484198059548;171.667857084901;341.497907256624;167.273918669265;325.445934950399;170.483541548034;346.923836716578;172.587138624573;353.839887783953;155.655012720622;345.30421400899;149.950987281505;326.586251968346;154.881714266817;355.85209390058;158.98036390888;366.418904212345;139.702672135204;351.611616713288;134.768760981115;339.123692481751;143.749717200649;366.106085020987;148.334974673021;379.669894514365;124.016085108154;357.914520212169;116.399689662194;335.318319020797;111.354216164921;323.682717124918;106.338027619099;308.937288624364
0;0;0;1;0;0,153.819179941156;364.895564379225;179.157683299542;341.019046987595;188.907806787754;310.375047403635;183.164441578431;285.747532784073;166.420995983574;274.150609804402;171.689669371366;286.4797369809;173.875841963;262.082072557316;178.799045846689;280.657377718449;179.240200165531;294.210246128881;154.319000490484;288.887241285994;158.048122286053;264.666688825883;165.798635941636;290.849261730377;167.917393556763;306.694329669853;135.929643543269;293.798176193885;140.159606898393;272.593211092014;153.688995539694;294.772545584735;159.042780014125;312.9720413941;117.717734129172;296.509691982399;110.002019906278;274.51960697814;104.34179670193;259.251521931024;100.401136855527;241.092091052809
0;0;0;0;1;0,96.4549093395979;356.236276749151;132.603859717719;337.929538737668;156.372320248888;303.958997789514;161.198808324274;267.353480534079;154.318714303357;239.632176759692;147.727649827572;247.953514882642;157.655273937989;210.744043212427;161.562187122265;193.684257152714;164.659367247411;186.329032190387;125.283323738599;241.972235596558;133.06981980688;196.866476258891;142.395064202539;196.470923176737;151.941071177256;204.694904359394;104.49846875699;244.332735070774;109.432578861495;201.713338299521;120.733861229627;206.1851204611;130.090722111047;216.513844661252;83.8873239099155;253.166376010502;88.4206570937588;220.802743631313;99.2262828256821;219.216472589413;110.511555737092;225.274182146763
0;0;0;0;1;0,86.7595014505896;335.852941592337;126.317582987227;320.052883343746;152.566280606133;287.670997571157;159.075277241091;249.088520568792;153.786066066905;217.93362657905;153.13937976734;237.138786020126;166.400096968129;201.752022695727;170.463010088754;185.158090905713;173.705908046405;177.81825296263;131.903078756706;226.969005009559;143.85945756125;182.498174386549;151.74611187803;177.915926561501;159.065020192598;183.787058918859;111.302186826829;224.973522111709;119.419850214164;180.543171055522;128.525119709389;182.834191389802;134.755088965294;192.828780178062;89.3894218028324;229.755684472987;96.6292661320987;195.671654177104;106.924579874586;193.506207285198;116.483219640034;200.200008934002
0;0;0;0;1;0,81.3479723374052;290.656877187028;107.010441337867;279.427541389703;126.809294292037;256.600617667325;134.1728342742;229.410791429983;131.73839761346;206.4784139619;130.447782166654;215.401653556217;142.461455484281;182.656357673653;143.890590030871;183.204386846928;142.639580462973;190.75911465231;111.251333963723;208.889968696098;117.824538135581;172.638299342095;118.17659719275;188.307883453104;118.229225618349;207.736743323818;91.659917806874;207.852955347838;95.0641345797837;173.749031985523;96.6426977216478;190.938399429181;98.1000441068997;210.925354430115;71.2098500333237;210.498918102094;71.8891528186523;183.793848616737;74.9724357280167;191.755799143792;78.6870778773863;206.587692424682
0;0;0;0;1;0,148.145768332637;277.008319671067;181.6823802233;269.14750720456;201.755990301321;248.633506317119;215.475009210397;233.579518409635;227.411535492001;223.494976748314;191.380464123748;209.53974011692;201.736946315668;192.793879224815;209.652089272848;209.147307948915;214.531856600104;226.811186290893;172.264764545935;208.06872082578;182.523326707448;191.715924552929;193.445119461501;218.058936643007;198.122534605193;238.3228580164;152.22788857362;212.0356716832;162.144582812752;198.131714076886;174.993125006292;224.693297271013;179.839995654803;244.196669021029;133.480724547869;219.081786675667;140.740746660185;210.387393637596;152.460784170405;227.236941849916;158.39706767125;241.698118617883
0;0;0;0;1;0,195.524120207194;238.927630401735;228.596422784597;235.150157798153;252.746824305027;222.749662150211;272.99036505404;215.657726129117;294.017173197452;212.101279508632;247.961050253032;188.576873702568;266.372319860233;180.857188609939;276.621959925505;190.353779136301;285.435720650866;198.470085414349;232.896620833759;184.328905417368;252.973747873188;179.475779342781;262.599959008909;197.253471608478;269.420116118366;210.083241142236;216.34851894926;185.369892787946;234.013626274137;181.386470441184;244.731906071909;201.602946526914;251.733406830955;215.391778971597;199.712466967428;190.424771671897;212.655156791246;187.741901254529;221.793796215293;202.170774302354;229.374100758841;212.787417804784
0;0;0;0;1;0,109.901736865664;351.987583446417;143.006712690207;333.635311672617;166.985511464291;302.103427510054;178.274085496881;274.668545779912;181.715716129603;256.272079239136;150.727419658473;250.835684062343;160.233275816357;217.370245818939;166.36323552709;237.281749642575;168.904094189307;256.858253584478;126.637955860707;251.674752681656;133.769780458773;215.954981167059;144.212619784223;248.449087517959;146.664808257183;271.409602975927;101.835927999645;257.789814101553;106.76812331825;225.073758541096;120.001842746426;255.206156376101;123.821248448382;276.335207128595;76.2863681145895;268.208118301407;80.3901713972121;243.197664568102;93.6628171009121;260.144446671066;99.8153513799013;276.569130311868
0;0;0;0;1;0,85.0611560670575;371.648544239507;127.265946866415;351.967119959556;152.84461134973;311.251420174966;159.892450648269;268.247962705068;156.652261769996;231.835747947555;143.123297006855;252.543089018735;155.717950776203;211.213747058764;166.275960841419;196.43288845504;175.298637671429;192.664410897164;117.576057603074;246.135040366725;127.134504749932;196.487431951546;141.639998783642;212.575844715461;150.690739259475;235.409742375502;91.8845464705742;245.925434745724;96.7012011952022;198.812311254534;116.522528256617;217.567961535219;129.068812920376;241.582122771336;65.1332609001075;252.046820421911;70.9625282353851;214.344432064308;88.2438764870265;221.234894184637;102.083808277548;240.217966396847
0;0;0;0;1;0,153.258497688823;289.106957098418;190.598326463404;272.375929649633;208.193267599068;250.803952235512;215.195264616108;236.630580887708;217.356077496452;228.625780288042;190.999587002006;216.99201248251;200.158652979176;194.337378010378;207.38578638255;206.040931615549;210.006787505203;218.457948728319;168.838556026239;218.397011571863;176.976931487709;195.757366222065;186.94492608041;218.378486747501;189.314431131162;234.153401298204;146.377123782672;224.402703910358;153.228228701897;204.934478237855;166.23580944085;226.091286696445;169.803001564235;240.861840042671;126.19679323401;234.23831976712;132.703909279496;219.425385438355;144.526506826698;231.015364583048;149.248149229346;241.879337132476
0;0;0;0;1;0,97.3006801100884;357.56549055237;141.900371167849;336.496278441986;171.225410764366;296.130135069676;180.526361779802;252.198169220035;175.767863398439;217.563994822828;162.363943310418;234.629293959986;175.30367884117;190.543512433037;179.116855817826;171.429783935379;182.135287656079;163.192692539557;138.158937079316;225.193705262855;150.706676265005;172.796967867251;160.129947986044;165.556110395178;169.231498855229;169.530968114441;115.631646976532;226.263035775679;125.269993020954;176.300823915785;137.238076438341;175.223230864605;146.49881030525;182.693505825842;92.4173742786643;235.104745329828;102.690191561411;197.225144921705;115.817417254147;192.518263823694;128.520534930947;197.091521295909
0;0;0;0;1;0,126.656616454371;391.318340625497;177.252509701691;374.037065305335;213.014246402193;333.388624638021;216.814224439111;283.622476548752;194.767604444911;243.721016161566;212.771812507373;256.186490326926;225.675546320003;205.535273310027;227.179666222826;189.919724499508;227.686556247067;187.100539260222;183.389146872576;244.592953984393;198.052350820796;188.979922231068;203.358296394476;204.30220417219;207.600217714932;226.150963464416;154.836886401487;243.747190013111;166.539004145659;191.490256132058;175.11198454272;215.500752434801;179.508346768751;240.908726760346;125.005481440868;252.045661864912;136.258804045498;211.861816727792;147.278990271415;224.114841908807;155.515797435727;243.423800487527
0;0;0;0;1;0,126.174752854185;340.785243738831;157.189143537496;320.310796438334;178.097789358814;289.001812253391;180.415603998315;249.894079722811;170.620506739956;219.957077098015;182.110061779415;244.207088575674;192.395281658611;206.16553314957;190.704549154016;200.234195011152;188.119694365159;202.295718214135;162.72628476405;235.628855353069;171.577048527205;192.600223788595;173.424379474159;198.563916156168;175.558677499095;207.686156610067;144.338282825065;234.049883979466;149.340702923488;195.317953254712;151.843767254799;208.532710585693;153.198620206469;219.812021087371;125.241188288366;237.557537326435;129.511250334294;208.822294650118;135.880902593096;215.180712010133;140.792491790391;223.70641516692
0;0;0;0;1;0,139.687438563396;353.104899566978;165.215818201248;330.456210377142;181.51976317196;298.785923614816;183.026715536841;262.652767482343;179.039281021935;232.523944539166;188.97575917026;260.754752619733;197.474641634405;225.527031245201;195.749404317974;217.499230311538;193.55522402994;219.376664776235;171.116854120257;255.689168890703;177.57796529217;215.510538066668;176.516653031593;215.069757548743;177.242350421063;224.166450519007;154.161883556815;255.085037182996;158.410808681044;218.965161232622;158.744993924115;221.953672381665;160.076919900367;229.867190374497;136.330277011786;257.616294367188;139.889405772837;231.084804402359;142.992704629048;230.377267883545;146.438738092879;234.703283529113
0;0;0;0;1;0,83.1897232189076;350.366402778306;98.2943066437506;322.4087957723;105.848363933562;288.0096187255;99.6602458230732;253.489346584146;90.2209257247117;221.93935825981;126.636308365527;246.510439566016;128.706451683368;209.070017096147;116.926563519345;206.761010212755;107.51117256208;214.043341791158;108.464170771241;244.007370714696;109.20677518708;208.169069041079;98.6184439893936;211.048731893085;93.9893587052356;219.573185798475;91.6435201586243;246.368567350424;88.6754725304107;216.680735645884;80.9039652380637;219.680976552576;79.0661507534077;224.741837114853;75.5951036897674;250.17314478865;72.1704616143848;228.643154366892;68.6235508048569;227.649046715559;68.9461333039478;229.19557145465
0;0;0;0;1;0,102.698953191927;366.773699453322;129.860231549933;342.9513510363;143.975060416679;306.147597998544;133.260034286962;267.018048121443;114.770875187392;244.747368269757;144.256505948236;265.325804987822;148.673773542327;228.686825750347;144.506831776028;223.193728836605;142.194783707245;227.40920083047;120.992817507127;259.357406711222;123.141885181199;215.982037798628;123.011038985191;218.523282898048;128.186134849035;230.332541650188;100.074146413561;260.530763841296;99.5050119939004;223.284363824319;101.330944777521;235.082300060535;106.386624906136;247.805007629491;78.4830884541845;267.976011900661;80.1463876457541;240.993331492629;85.1060363995874;247.344308071898;91.9621716515838;256.319611797621
0;0;0;0;1;0,108.189187667605;396.842533646902;123.792168810072;376.104316485681;127.47404145807;346.776942668433;114.416863746534;318.191417924738;96.69817920939;293.695543840013;135.729584570052;308.552551829524;135.147916199341;278.810581503303;123.17504297868;272.463022783743;114.578342702243;278.899083300769;117.225930494593;307.711641556019;114.97174145511;274.151260966573;104.177497142943;273.498039917011;101.308529786497;282.7971806072;101.000650471223;311.887667778756;97.3392022951895;284.795591369548;89.6354204084968;286.36535505782;87.8464704230901;292.39784778597;84.3752248368519;318.850088074078;81.5762033948976;299.896979571739;78.6345216428924;298.993818628719;79.0913672171933;301.801433979679
0;0;0;0;1;0,139.721892174787;433.725667867971;162.442015132857;410.247982414514;172.68498300245;373.893660504352;157.800142603612;347.196741948887;142.99940622433;349.472770351302;160.423750742985;336.017257751313;162.3636249218;302.843359906732;171.327220421445;320.883055349955;176.215402982356;335.830148856775;141.279609369405;337.893152130109;137.636237823328;303.107245097122;152.021267621688;327.533437665068;158.720689143185;343.854304914877;122.230805718303;345.69882706471;116.915524743621;314.192899388003;134.748650433161;336.810731149964;141.515749976905;351.724361089492;102.740942785185;358.904062634185;102.399526505437;334.33280971841;117.326348359281;347.466831419867;123.625440852275;360.415768210376
0;0;0;0;1;0,126.403739643433;441.133149632501;153.476149549638;412.906224634962;168.098501964168;374.326598868702;164.506497613626;335.470712541751;156.702760463498;306.297387793045;163.150897023611;329.07447639299;165.929388669742;294.083375774689;168.07513725959;288.598893735754;171.712689274174;290.808764288041;141.928872591214;326.381781013349;140.599297010034;282.617968192617;147.301786874249;284.382656333385;156.829984171023;294.10412733186;122.587684382741;330.042286915964;120.388467155375;290.241275969371;129.345370913674;297.014119702373;138.272023273004;307.407384701964;103.324636068403;339.467106651815;103.705187008089;311.653405878709;112.347024856415;313.760363458543;121.499100887524;319.997935135679
0;0;0;0;1;0,129.867782238155;383.766974914416;154.213231641431;355.107545339596;167.182151860052;318.971827070097;166.762885611585;285.676414213979;162.045515510878;262.628047173408;153.131468424748;280.639576766259;152.89429452046;246.45327071175;157.837675153169;242.063745872248;163.456533466241;243.715398174189;135.689209955318;279.425194777396;131.768975988317;238.596887802183;142.767653174867;240.149632601883;153.595208843744;249.383032488193;119.90857667714;284.476328269169;115.834989977121;247.083961184651;129.501373383428;253.630223319954;140.360357898771;266.144917608657;104.210119289905;294.981615798753;104.838642812055;268.297572528389;116.282502017522;270.847880856661;126.290218340504;279.920907041791
0;0;0;0;1;0,215.945451894322;481.435772481589;241.039785644158;448.719015375739;251.827097450304;411.732205214138;259.49500856206;382.525876284126;265.031588700934;360.21834146521;226.750929832839;373.502531292156;232.821286127815;337.923054163369;251.092782559281;338.641051952176;266.283903761447;343.032311793501;210.586618526564;377.974904657402;219.071365906559;341.50757608512;245.968872933878;355.235009489412;262.962776257074;371.347694260117;195.366524050296;389.478548614528;201.26130067399;355.740541290306;230.512758574144;367.926722146461;249.055338813404;382.968853467703;181.415115259405;406.369140485853;186.142035836989;379.764328750764;208.524680826416;383.489914969239;226.673041443295;393.500474967904
0;0;0;0;1;0,158.457623787709;438.255384553509;184.414040940837;407.100682168383;195.7161622236;372.247820214656;191.960362178112;338.918404555213;182.672995222528;313.902544624046;183.763008330801;333.049811875345;184.254147759661;299.548717912437;185.597560523033;285.556642615991;187.76852398048;281.959053935815;166.151873434712;329.754035550713;162.170374472415;288.201382595024;170.038690131607;280.562110268444;177.867865121587;286.821601086121;150.551283341406;333.512846131245;145.104174933558;294.518788951554;154.938813546766;291.887008131311;162.505274636336;300.901073532989;134.683419486735;343.057191455877;132.512840022285;314.811518763392;141.000174467659;309.824050336525;149.549709893068;315.046487175842
0;0;0;0;0;1,147.061393958237;355.848863600164;181.510165656338;351.48059294906;216.841971119056;322.478380432599;247.14908433907;300.941984484473;275.826500350126;293.289472097244;187.099849658313;248.5861705087;204.327567746394;209.587875142718;212.637204588492;180.956661636037;217.164561769219;154.308459956594;158.081256109819;239.552896075403;161.340955105306;191.50827881233;162.025990322599;155.279302000999;160.660216052902;125.85381335276;131.24909941568;245.059027693461;124.471503965534;202.186840932196;121.457963172573;169.586483378207;119.057640575398;142.075473276292;104.375323838024;264.316705687807;85.9428978066963;234.249555386557;74.1870525343614;212.770118487381;63.6765515450312;189.15952847876
0;0;0;0;0;1,103.668992857607;389.064056426792;135.546367420668;372.565107093849;163.55338295352;342.828410304375;185.448648078661;318.000663624257;209.570005300839;304.236198275277;140.293939138324;285.688952237448;151.394892808272;248.797936300741;155.481366396752;222.149458909323;158.156330867276;198.075988702585;116.955621588952;280.681971203537;123.295315998604;236.213719827712;124.864252430883;203.478385999786;125.214851234485;177.700389087463;95.4773803897412;286.797471339108;96.0928361172433;247.790537970187;95.4474570043334;218.934305807517;94.9263948721918;194.546890782054;74.3628091404871;304.394576927935;63.9760682582585;278.084497933862;54.3889082734304;259.828441160845;45.7281830604185;239.781599378614
0;0;0;0;0;1,90.758534995994;369.347357431611;126.256803003098;355.845569505494;159.929755610754;329.402644374606;183.782883815499;306.391649106313;200.827588684479;294.166551815531;134.819670666876;268.379866020486;144.377868470083;230.93407681691;148.099809138783;204.817060486094;150.338565444021;181.468962713918;108.926972428899;262.494202554892;113.155154684706;218.374536413191;114.797531566938;187.012152628728;115.895724958314;161.993958183219;85.0360021697112;267.076596052422;83.5089646684572;227.901261774208;82.2445825183911;200.142527652135;82.712898111704;177.148091704581;61.4793478362332;282.104846341906;48.8963915224071;253.893433814975;39.4000384897629;235.07748477256;32.552767589201;215.329751540233
0;0;0;0;0;1,75.5627782308284;373.179159607856;116.045378575263;354.725756664512;151.640967783972;324.960239191632;179.972043703587;303.812111391866;210.064636939945;294.163129626884;133.507381829096;267.634865838434;149.248899551491;233.350836942001;156.909553133144;210.285316180351;162.535598494876;189.604179344945;110.262764782563;259.291587541059;121.190317600301;219.917247158016;126.352824157731;191.511560851624;129.80568616145;168.200851551145;87.4819597290965;260.603442415407;91.3228311557265;226.140184259722;93.3297392858303;199.819887038042;95.3781497574787;176.131396337079;63.0720769959174;271.635180059888;57.1285854699513;245.052931546298;51.3554855455008;226.559982298351;46.5687041134121;205.851968846718
0;0;0;0;0;1,112.500092763575;356.785472277608;145.102266410053;348.86851725813;180.714018021405;321.017318156671;211.359936814527;302.355321981842;238.047233005959;297.338844311924;152.850208614096;239.186480378257;164.903487889114;200.660346638956;170.337776408349;173.932043482933;172.679527782708;148.476811252988;123.644647066614;231.252928427145;125.762089515307;185.093549996963;127.487368142979;151.536979292514;127.606458337425;123.892480689692;96.5884868144629;238.105547172486;92.5138305972407;196.36282813943;91.889636061527;165.93156583435;92.1062476378484;139.812882197822;69.0826100608698;258.937049395876;54.5623034453655;230.444181094459;45.1257348020768;210.160704217657;37.1059257458596;187.148867859682
0;0;0;0;0;1,100.805992071008;344.317112196696;135.654319779457;337.660357586198;171.002579106238;311.352414202835;199.848538791424;288.668457731822;226.571974344693;276.385070075905;147.730077360916;238.911400487542;161.669235015765;199.18113954923;166.939957682145;171.756043547658;169.355423293322;147.687204023229;120.758911705883;232.432119093047;125.082225881397;185.175524729149;126.250871627005;151.066501884115;125.769647355482;124.827877744844;95.064427090719;238.601356469033;91.9413568917529;194.942682981317;90.2377528944369;163.418530353437;88.8638562467746;138.329441211556;69.0646444644248;256.431892697902;55.701152441024;225.757061068867;46.345299948233;204.119798310762;37.996403976419;181.664934566258
0;0;0;0;0;1,115.026115897036;333.76782033327;139.483036837432;327.084240972827;164.473605036427;305.318435748085;183.413330495282;289.794247152241;201.628796883683;284.391960247148;146.092630954612;250.622393118299;155.24371066002;223.341415420198;158.076851285453;205.413418908946;158.49595847208;188.897894652824;125.968917531896;245.099365282989;130.664694969757;214.008077839892;132.723790243403;191.880433502777;132.944017691352;174.672907674647;107.130825157489;249.272709428162;107.044627363688;221.154837975249;108.346185081999;200.284538609825;109.136430113362;182.823200798384;87.7709514337056;263.265633830118;77.9587825036159;243.247533763003;70.5975337955761;228.108132312475;63.8001025468996;211.614710603898
0;0;0;0;0;1,66.8740269642859;341.513305203556;96.3287841304463;336.281951797885;125.836460473936;315.617693500882;148.010332835006;297.786297978058;167.755037607698;288.357780759808;112.877788689248;256.623000139321;125.134244038613;223.829234826209;130.154391524137;200.923406566086;132.634368596279;180.74284273321;90.9982734623529;250.761850208192;97.9033226009405;212.631528430705;100.607120961722;185.147571593319;101.431045356979;163.930430480169;69.4688071941771;254.858040899529;70.6515839065896;220.787071589303;71.2345270968901;196.319558843905;71.6167413638444;176.976786601613;47.0102593376695;267.968470448841;39.202786663075;244.151647183109;33.7371277542324;227.571822483432;29.2849161331552;210.832633159559
0;0;0;0;0;1,363.896407887142;312.140403835206;391.918797560168;314.398145903318;423.420960664956;303.525152477355;451.805465364839;298.181069176937;478.754081137078;300.093330408471;419.538414950115;237.853882004128;436.114670867385;207.881998675628;444.260668819882;186.395351055852;449.25025828121;167.04747671889;401.019788496299;226.505806111479;410.751991648748;187.812775318525;417.243512523559;160.082256270928;420.607524897172;138.340273250226;380.673776971638;225.982058563794;383.675204794747;188.647925459443;387.291375050527;161.885582746584;389.735056864508;140.197521733461;357.687992537068;234.998455635625;353.080246239896;208.132589209333;350.594174951895;189.63460594756;348.206258657114;169.907309607802
0;0;0;0;0;1,340.477989641423;315.211906357238;364.187235206106;325.565379533136;389.080884607454;326.293770395;410.380427293544;328.790202311334;428.28596004793;335.033390747336;399.318447244981;279.192757079531;419.780143370272;260.189099273977;432.63360532842;246.572163436039;442.637132967975;234.922770563644;387.389898789279;265.227745459863;406.057396546404;236.677844587639;417.442513155653;217.355551784841;425.609042090298;201.669502333636;371.673794401056;257.876475614531;383.963009149819;227.85495982335;392.334039678732;207.515749086127;398.914965173578;191.30155039749;352.403493283495;256.412862542951;355.860243109072;230.548714740373;358.105602018674;213.931429784625;360.904561467035;197.527241519515
0;0;0;0;0;1,97.8709747722464;352.69117794316;128.692224720028;338.555438532584;159.082209827;309.166958967612;185.18742037477;290.247882267282;211.138055663;284.175739449296;131.914953069779;254.000062479511;143.217633325113;221.632414491304;146.009314980555;200.226369748069;145.933068400389;180.533382314188;108.576247213506;248.002893646531;111.40912078425;210.256500969427;110.75093406906;184.455682556073;109.123489330165;163.331590382111;87.4387470845807;252.593297257146;83.5706410986796;219.846807165727;80.6598820570905;196.556667125475;78.5748629798095;175.71535045119;66.1714987024804;268.217483270139;53.0613444642811;245.497502101985;43.1161965299341;230.461446511078;33.8494470965786;212.890369133623
0;0;0;0;0;1,146.276401143402;345.336083510835;178.283679006223;329.097303349544;200.973849132244;297.596523058633;217.50652788104;269.485083368164;237.952764937625;247.629304902214;182.397789830793;253.505057248825;187.128611147603;217.663468967816;188.749922691467;192.372226420936;189.329184083967;170.072270772045;160.571994129918;253.700433152775;163.299157366911;214.688698636213;163.330997656172;186.213410289028;163.166438097707;163.497218094961;139.774681022383;261.035969851584;140.118917954548;227.036711696303;139.54389509179;201.432527744882;139.190607307329;180.932552736516;118.806202190447;274.003371621228;114.572786867672;249.172856867815;110.937587781832;230.730886384401;108.543104367031;212.760447590757
0;0;0;0;0;1,173.226527013568;377.8051955932;205.964305097371;357.57129139972;229.557513984719;320.463133681678;245.062360173157;287.862864893595;261.43173569225;266.110476708315;199.777859017582;270.323762155134;204.811146603765;236.334162820797;205.914902555596;212.581629418592;206.025900924169;191.589358756029;176.075396051366;268.509117542669;176.705777068347;230.456228038873;176.49279544347;202.161613323416;175.658675028224;179.577538335115;155.173804319691;276.252823033747;151.42461612563;240.937078264774;149.846848799173;213.83382393481;149.25897007538;191.368098303764;134.923353845508;293.761941131705;125.288389237037;268.414901802182;119.708788835954;249.286036116458;115.310228226091;229.386256423906
0;0;0;0;0;1,230.180825815974;417.471202683438;252.726408369535;400.183662230691;265.153338926667;371.887545828635;272.3578437258;346.310380892891;282.618356977377;325.662015390184;237.905542911482;339.083029350249;234.428993093363;309.892060186774;231.46686413797;289.817535929055;229.296006611434;272.897004494479;219.946442439966;342.70611974784;215.80603452735;310.741803215578;212.962763005369;288.1923905507;211.166262998579;270.142794450858;204.649935066809;352.054522636429;195.878542372802;325.090652320437;190.233109743399;305.148601731259;186.810824460136;288.609348678789;191.4728065673;366.510103115786;181.906400594056;346.899172391461;175.428832088105;332.808063760898;170.537959212976;318.236037038439
0;0;0;0;0;1,207.331021857862;385.561415393773;236.071793744919;368.36821631518;256.711592995185;336.03468354931;270.007921563132;307.012630367488;285.256515572575;284.639372568;236.031510454973;290.749988309978;238.270085727116;258.186508883587;238.22190652839;236.023647545657;237.30456075624;216.754098219239;215.34581107053;288.919512759381;217.465884474964;254.35774363044;217.143844125435;229.293185184518;215.916639806351;209.0195357532;195.989048711576;294.080276713199;195.420170885514;263.648212305438;194.244092945623;240.393565436458;193.04276805521;221.203089404991;176.349874651399;305.678930763326;171.408237848328;283.099619081939;168.149105211889;266.833124107912;165.567375953289;250.337567158153
0;0;0;0;0;1,176.616126210979;390.142212612301;200.589385048764;364.67983505179;213.169379289208;329.93230166005;220.486037724409;299.23722669868;230.346450186601;274.186525742607;182.723638780034;295.601641893383;183.053731752504;266.600303470241;183.23414840113;245.162656511533;184.076126238876;225.973863518136;163.517505448638;298.842801328552;161.877066355302;266.283981054894;160.98251809612;241.381608794387;161.202526026284;221.027391024641;146.878228279813;308.61516475303;141.21991969258;279.358245824225;137.8042845473;255.934911784449;136.838291172487;236.514689500231;131.698603836967;324.768142044413;122.827060465153;303.220005801392;117.704482674132;285.896666139758;114.622398632572;268.451182292741
0;0;0;0;0;1,171.78172939086;402.88541901303;201.955159059232;386.531541715641;222.803790877266;352.784087973764;235.453269852414;322.107230183384;249.850753997089;299.192281454444;199.253074901173;301.205813951118;201.248196024117;266.027601142653;200.424192206787;241.596887869285;198.854005968551;220.584244111926;176.409183587438;299.539094840616;177.009068444913;261.402235004063;176.295489138987;233.463324806625;174.877332720026;211.45021903071;155.415397758761;306.107636020144;151.828250161471;271.893928274365;149.751421251899;246.21041827361;148.252630478869;225.471822987513;134.721743921831;320.116818473492;127.685280786258;294.762881480311;123.544717746854;276.338375070992;120.422216310655;257.789180311737
0;0;0;0;0;1,208.048529533556;404.271823037014;231.914470026719;386.112956017551;244.997494738698;355.480268228181;251.991589609608;328.788553075105;259.930242175092;309.601779296858;215.193739797799;322.829284364268;213.368872313347;296.56275322691;211.092859692062;277.925671607193;208.815522081068;261.717228659896;196.807588152426;325.108238711808;192.18731934229;296.211011795351;188.579655816785;273.96387919551;185.646753531158;256.131586613953;181.762883204373;333.575466724217;174.745217470308;307.417639434709;170.416546139775;286.148759497991;167.833596558051;268.665734662106;168.335376606317;348.541163475677;158.791884818813;329.77214335314;152.748420950579;314.947144160735;147.902227041477;299.625954264713
0;0;0;0;0;1,154.50773305549;377.41329186913;183.210139783722;360.829232803021;202.836806605948;329.584582039982;217.036015895471;303.319703578233;231.940619565782;284.686919609342;166.293551332903;285.355291195862;165.783026112837;254.566218867505;163.732699562813;233.276864869583;160.805204232521;215.614534283664;143.883374229796;287.678394484196;138.654444844608;253.953340001581;134.457524784244;229.220492764765;130.671798780019;210.159476796703;125.131474001104;297.878704352491;116.613866865759;268.136909558318;112.068985425219;245.259797195742;109.257554173919;227.118613771986;108.423124667281;315.763533519507;95.0278696712999;296.619800175648;85.9433694388764;281.755413824584;77.8643393040703;266.42375382944
0;0;0;0;0;1,267.731557670962;435.109156024331;296.620797042161;417.487635374195;318.724535988148;381.593994714868;334.140459032638;351.333714371541;350.494017992534;333.137456958747;284.38577121917;332.787824688975;287.99988332815;299.572678410719;288.663266913997;276.410277743861;288.596139212844;255.531921734429;261.190920782123;331.799025651915;260.112909679385;294.745496040878;259.881761779447;266.367663548903;259.644363633148;243.388747057542;241.751369741137;340.362704134696;237.103033122632;306.635971385787;236.027961859355;280.151646966171;236.211383937908;257.607116058535;223.514226954172;358.945983534378;213.184251013062;335.84975583943;206.971540133512;318.497631664911;202.010533279209;299.310475449068
0;0;0;0;0;1,257.439246736155;420.508836957915;283.732990603302;406.474793002749;301.849091448202;374.211585913781;312.620213095422;345.171055157894;324.470260531427;325.02162263374;273.534311148078;329.924667176634;276.431881446522;299.8946200057;277.005114933085;278.580706972235;276.752255515052;259.759467429188;252.217261883131;328.703406660417;252.103152438722;295.978658161159;251.708983541152;270.487823737574;250.999345069449;250.805468722556;233.566203805542;335.914930767847;228.44486186556;305.943948709581;226.123187186775;282.045867285403;225.066275978047;263.060716777784;215.639035292718;351.511097343598;206.003292326532;331.036174559973;200.143537482433;314.863067782156;195.415771915791;298.144548949874
0;0;0;0;0;1,310.28715979199;444.722170164773;338.850936745005;426.707382181956;361.486553160678;394.340292432781;379.217455244323;367.282306397549;396.661345370106;350.524141649734;333.064149810731;347.674128120035;337.889116649265;315.948727646586;339.869380530843;294.511316331743;341.288596451677;275.675002814798;312.011513135243;345.23238228392;312.971045750198;310.511451041436;314.796992012593;285.490529651697;316.850417316198;265.652881602408;293.595287668245;351.051578083046;291.064263412723;319.504718859642;291.929011478002;296.1438551999;294.388113874152;276.890358246968;275.36042789676;364.916846130525;267.175887865987;342.425987985425;263.152106639064;326.110987027144;261.10014434768;309.092316191929