1,61.81859923,135.7002032,191.3789222,224.8720864,176.5563903,231.0072803,183.9812555,145.7001836,172.8567773,228.8437166,170.04953,138.1277171,169.4120747,221.5416321,164.8979581,134.3381499,164.6335181,202.1456095,166.4684647,141.9263577
1,43.57986035,89.98904346,130.5129871,162.9262285,111.8756371,140.5014077,125.0950768,117.2051192,107.2409419,131.0357452,90.75849415,76.36648096,103.2827736,121.2165674,80.089049,65.89301969,101.2407908,115.6341068,87.43585285,74.68689544
1,52.56466122,101.3120013,135.9487061,154.0884053,117.2103748,154.5768218,119.1061476,98.81806685,110.5325382,144.1256731,96.65897412,78.26785876,105.0424559,136.1832381,91.16709904,73.13300365,104.5647191,129.3360805,99.8465703,82.8209612
1,44.49978349,94.40573326,134.9384328,168.7930112,115.5256109,145.0468163,120.2612462,108.6564463,109.3412765,130.5926468,91.60811036,79.73723211,102.3042344,116.0944225,77.309579,65.11253218,96.34347876,104.443006,81.92370186,76.81557283
1,62.08117292,133.2077213,197.7218813,255.0138947,154.9272932,186.0745793,141.1665745,122.7893456,146.7655108,168.0868841,106.7319626,91.4527671,142.7627608,157.9105156,97.02529691,78.93620944,144.6045943,156.4728166,111.3046427,91.16357408
1,48.43394132,94.72506516,137.3673248,176.0618341,104.1459642,135.7106998,106.5614642,92.89915935,98.50634141,127.7101151,86.83650897,73.1155044,94.9742819,119.7744244,78.8099818,63.83131811,94.52310467,111.4835824,81.52177329,66.97304611
1,42.58171709,91.5022155,129.628563,160.1773917,129.2260947,128.3497104,93.72367893,84.2648619,126.1095004,116.4275929,76.94952582,75.98510812,121.6409947,108.2607945,69.87153127,68.02815841,117.5769118,105.2366236,74.1104974,69.43614155
1,54.47206996,110.3237003,153.8940321,185.46666,129.7006942,162.2920943,118.3270248,96.7719186,122.4178918,149.2069894,93.59375543,77.63574592,118.044697,141.1868798,86.53745728,68.62819131,120.5733174,136.6645915,99.12974073,82.5528086
1,48.38726725,103.8907799,153.8596255,187.5649876,115.446902,153.6328853,113.1181475,91.25431803,113.2683769,144.1767389,89.79671259,71.18279131,112.4738329,140.7337296,88.4422878,67.0066264,114.4913648,137.225136,102.5476474,82.07949486
1,37.15453032,74.83307193,108.6286743,136.6987484,83.10569138,108.5439785,81.57820142,71.0500839,80.87448513,103.7672335,66.26468372,53.56129353,81.91102909,102.0603036,65.6583252,52.5699649,87.08124622,102.9267471,79.08631414,66.61864905
1,36.01625281,72.12350193,103.9987324,135.544207,84.11963445,104.9230477,80.30841542,68.4837856,78.65445348,101.073153,68.67399924,55.46947749,74.96629094,95.23493049,64.00267829,49.36353539,73.40864566,90.26225394,70.6945179,58.02349194
1,26.03909537,57.27511914,84.547573,109.516516,77.46134749,85.90370628,61.92878475,51.29388182,69.81272877,75.86080179,47.60275781,40.70034328,64.33089667,69.11491869,42.70792806,33.97348751,62.91960234,68.18705974,49.73685614,41.38450144
1,40.69048306,84.88130034,123.3717055,159.2712102,110.3326207,110.4529481,77.59437315,69.59690957,104.1577256,90.33666113,57.07830954,62.1932078,99.1678062,79.95410134,50.07055409,56.21698471,95.24344373,75.61760243,49.51030661,51.73593175
1,32.86297997,65.13625657,92.49220613,115.5005689,74.24243216,100.2240706,77.83297625,64.74720994,67.0355401,91.91301656,60.82468488,48.51544318,62.74740239,82.84847468,51.70921703,39.15978001,62.32002246,74.23009124,52.59424433,41.88531012
1,55.0565013,111.4300612,156.7836135,196.5173894,146.4514324,164.9936986,124.9199998,110.8448257,137.3589212,145.1337168,97.71503324,91.0823074,129.2845568,129.6127073,82.79542146,77.73461428,122.2947676,117.9899557,80.93205626,74.02712861
1,20.74875808,44.53559659,67.23558597,91.19839363,61.17670087,45.77110406,27.89563385,26.62349843,56.88869344,35.03923473,17.10777358,19.66934759,53.37922367,32.29916664,16.55657453,15.5682539,51.12960986,38.57592912,25.91350461,22.61496132
1,33.58067682,67.74783473,98.10554921,125.0955496,79.55769503,100.51769,77.97794378,68.06767557,72.59507036,90.52665949,59.52017203,51.00534631,68.27047607,82.37178628,52.63367511,43.96362151,67.92425374,76.04550462,56.38981678,49.40551341
1,29.07075893,60.60946029,88.18580213,114.3333737,80.7466303,78.13743264,56.4393667,49.10028557,74.92857539,63.37601442,39.60105694,38.35836141,69.55686003,53.49449903,29.84631647,29.5732596,65.69327052,50.6521484,30.42345126,28.38058522
1,35.81044942,71.69622589,101.5047971,128.8298172,91.64739599,108.2654209,82.29881704,73.0300113,82.26403969,95.14821061,63.41988857,58.84124606,76.08387179,84.38767661,53.13218341,47.54282638,74.84402573,79.47295052,56.31533641,49.97298043
1,31.17064878,57.7526695,80.80554186,99.63140071,61.72845217,86.06305953,68.30542342,58.2956358,55.71264124,80.15755109,54.15372763,43.12455139,52.84115715,73.06109748,47.16363301,36.06064366,53.81688698,66.35796585,48.9323638,39.51966178
2,45.46295686,85.21230427,117.6550978,142.699301,106.2591496,112.3791248,103.8171309,100.2350894,102.9453575,105.4234667,97.26159413,91.47652603,100.0726237,108.4609409,99.58291932,91.09836904,99.15123306,113.7838036,107.6078684,99.12014078
2,50.24107643,92.56131167,128.5229512,157.4558945,112.1991491,126.2326585,117.8763563,113.1463446,106.6269216,117.5798673,109.645212,102.6597345,101.8638358,117.8700834,109.2744728,99.42387137,100.1171244,121.83557,118.1098992,110.3570921
2,41.2484137,75.96723744,104.6843258,127.3030254,98.52329452,105.4794298,97.93065773,92.49942242,97.23285733,102.9432582,95.89647925,87.69252618,94.13075022,103.5533933,95.27354835,85.06265121,92.20133128,104.2117493,94.43030412,82.27773956
2,37.55930291,70.99539524,98.7903911,121.6800302,96.46749284,104.2960408,95.12654167,88.09017727,92.81875455,101.1773724,93.26817954,85.81676238,88.59029498,100.2460834,93.12654064,84.37458873,85.39554763,99.90753334,93.20311187,84.6181869
2,33.53931914,69.2573036,98.49434072,120.0099763,84.08770829,97.83342811,81.13162972,69.76502595,78.77562028,84.96174826,68.78053859,58.77959519,76.16373554,83.07619852,65.65499021,53.20347041,77.07090925,90.58171305,92.43258204,95.79945308
2,41.38066412,80.40819672,109.9772994,131.6379786,103.5758593,117.0111418,102.3029928,93.73004161,102.5804931,106.9076431,93.6269251,87.31294997,99.18525734,102.2114564,87.48816016,78.42063637,96.50805752,96.88889708,80.58370337,70.84799518
2,37.2122171,69.17228491,93.29119513,110.7153168,92.23457875,107.9349315,97.62161565,90.47645847,94.38670055,105.9652001,95.60588382,87.31508241,93.35016923,105.9791114,94.14874751,83.33896926,92.33568371,104.805975,92.37399865,80.18746324
2,37.81077154,71.99115174,100.4031277,122.3076419,98.34830582,105.6859338,97.62311782,91.40303007,95.51666288,102.406122,95.0318582,87.2048704,91.52478255,102.4456403,95.06468147,85.61967441,88.96921136,102.4956939,93.07175186,82.49647295
2,37.98847393,74.60461766,103.553185,127.7849966,90.41371202,107.9154512,94.36642829,86.36506676,89.24292625,97.94645602,85.73289858,79.82771349,89.12546472,95.87158026,83.30085242,75.84320422,90.16556881,95.44510834,82.72848042,75.14571209
2,29.52980669,56.23489214,77.58655209,93.87491366,83.85748733,91.31448645,81.40467995,74.43303449,85.22829163,90.54702099,81.30418487,72.49433418,82.72853106,91.258195,81.23962698,70.75030539,80.61191609,90.08369648,80.2012348,70.41926697
2,41.33671282,82.66908181,114.0060139,142.8246463,96.17257418,111.6794259,104.1235787,99.3344864,87.23471215,94.8311515,83.64229573,78.21076879,82.33250585,88.07959662,75.07300708,69.60538497,82.31642084,86.4252885,74.90530297,71.04027196
2,37.54936057,77.56517769,107.0802278,134.0905147,95.44773487,106.3328779,93.30351812,86.34607724,87.81642241,93.29357626,81.50060453,76.3799931,84.00098429,89.61666575,76.86641242,71.5971881,85.07335535,88.68741442,76.23480418,71.93853144
2,37.78556207,73.18160114,99.91489148,124.0464073,93.39515854,104.0291897,93.15231687,84.5338472,88.00182666,92.53068825,82.48413088,75.71506042,82.99579891,86.31286559,77.0873421,71.39415128,80.21751369,80.81832663,70.62991552,64.92582654
2,37.91243028,68.51303974,93.31711169,113.7132744,97.43062228,99.81654962,87.26887974,78.47935101,92.40960514,92.8838817,82.38883398,76.79739067,85.60290484,89.0927111,80.07202981,73.30201122,81.57247744,87.06571578,75.55579119,66.84846721
2,35.40601573,75.02391307,105.5365028,132.6732801,83.71114205,114.6518706,96.17563114,81.51363483,70.72304139,104.6465518,89.17729784,79.28951736,65.70615265,97.07700862,84.2263352,75.13340718,69.54717861,89.24107583,76.74840197,69.12344583
2,34.9323232,65.66379364,91.49961585,114.8543665,78.65634033,91.34609883,80.31045898,71.56422859,71.7983888,80.5603247,70.45347543,63.68619042,66.39057666,74.17646441,64.91321633,57.95487307,64.55113988,70.23379681,59.87521286,52.59402627
2,33.41351707,61.02114728,85.37762777,105.9653657,90.63022923,89.41209979,80.0484312,73.14213886,86.35176463,80.22926275,73.34844057,71.45132502,79.87325063,76.47264995,70.69979216,66.64097431,76.06112768,76.73338433,66.65184525,59.79177004
2,34.27378613,71.15974192,99.43660164,122.0528292,85.79505228,100.122707,86.02379738,75.21047683,78.46942965,88.01993047,75.61444511,66.56770811,73.67945878,78.12984954,66.87937511,58.70927199,71.87668999,71.43259159,58.21594053,50.27302057
2,32.49244308,59.00375608,82.91662194,103.2056135,78.10240616,88.33161378,77.58651581,68.48594016,72.28508935,76.94586623,67.08124988,61.28711092,65.82491711,72.47673454,64.0110519,57.33211474,62.14568839,68.88982079,59.04502534,51.49346442
2,38.31313464,77.70753399,108.8463537,138.4766685,90.31864391,118.773496,105.2705454,92.38905309,79.91272625,109.3420719,95.35364996,83.71926789,75.03686445,102.1010672,88.94388553,77.80019181,76.38169389,93.97958258,81.21778657,71.27111117
3,37.7089336,81.31742788,111.916347,128.9652597,124.5810204,170.2515715,203.4782879,231.3324929,121.5256201,162.1812274,137.3742573,116.1294776,115.9597659,155.3736553,127.5330271,103.719561,108.7016698,141.8884217,126.2289204,105.1973056
3,36.43968374,71.10743167,100.5855443,117.9414495,99.44446078,138.098232,162.2032153,180.6567755,98.24696106,133.2910697,118.6946386,102.352925,92.66102015,123.1443385,106.7200761,88.67808441,83.30439009,107.5533033,99.40416034,84.70728915
3,41.10650913,85.04321684,113.7356875,128.7575195,129.0707727,174.326135,206.5162673,235.1614162,125.1920661,165.7381033,138.4872622,113.3634583,117.444174,155.9505768,126.2269891,98.13336573,107.9016493,139.1025079,122.1816422,98.24573525
3,50.07205764,95.08851881,126.2529107,137.7624086,124.0677924,170.3237669,193.1575964,213.3707438,123.8877462,155.7963358,125.3740269,107.3968647,119.8825041,144.9605697,112.4978835,95.08796257,111.2701909,131.2310341,111.4594104,97.07344448
3,51.16681494,99.20376701,126.3254435,135.8532295,141.6217016,186.2700347,212.1505344,235.1488558,137.9372518,173.0329336,139.4984054,117.0546511,131.1671612,163.8522552,126.4829863,102.4518842,121.9941337,151.4009253,128.9400645,108.6264011
3,34.83549724,76.78842785,105.971991,122.5527166,109.5376853,146.9453386,170.857125,191.6586881,105.269669,127.6343266,95.69031869,74.05152608,98.22871272,116.0586438,86.83350108,68.26412471,89.7312854,104.4294392,87.64786907,74.95089605
3,40.27418047,84.60470866,110.4614641,116.9540052,116.6484422,160.3097286,188.6650865,212.2074767,112.1925613,151.2439001,121.5576546,99.15660289,106.6359305,142.9606511,112.5974656,90.41215466,100.5729454,131.5180349,113.8083089,94.14058331
3,50.95243228,95.99944356,127.2160969,142.4744188,131.4165216,176.9717884,209.6388097,238.8290297,128.7890552,168.7101707,136.9682418,110.5487776,125.0799611,163.3239058,130.0875939,104.5362986,120.4031626,155.5387299,136.6426486,114.5718437
3,31.20518916,62.43388419,78.22530863,84.77968717,105.1928208,145.2593636,172.6971552,195.9051073,95.81514941,122.8893327,94.4363723,77.4186475,85.57991759,104.7913737,74.48773007,57.41384325,77.71748263,87.91284717,66.77784725,51.82327054
3,29.46664973,62.68416071,93.97131509,120.3116073,102.1470492,140.4589646,161.8831978,178.8766282,90.80625409,113.061345,87.62242793,75.10159447,80.27230287,93.94096544,68.95881361,57.9264,72.37233474,79.66977519,63.09341127,54.76845276
3,37.04030866,67.22470829,91.8739226,109.6495696,94.74332228,125.7491249,142.6978033,157.2424712,87.24043245,104.2985446,78.72094351,65.81265428,80.04331458,89.53312523,61.58865991,49.34899482,74.3798863,77.31462724,56.33217366,46.44996126
3,39.01505239,75.5330855,100.675697,114.2793842,104.7257249,141.9921011,163.3298088,180.8512358,100.0743358,129.231554,103.2029428,87.25030107,92.78153717,113.3310023,85.94748968,70.27881174,84.4746258,95.79441141,77.03577664,63.54318839
3,47.21867425,87.89813538,117.0230643,135.6745861,114.6690914,156.6169027,180.6279804,200.823718,108.5145393,132.4057161,103.0045268,88.59378585,97.81028941,110.745624,80.80220941,67.92924022,84.79780697,90.42606902,70.61412198,60.55129182
3,40.92911893,75.38335819,107.9430815,133.9848766,102.2958588,137.2188524,157.3668905,174.5907254,91.23743983,111.7943386,83.52667683,69.39558152,81.25776453,95.68775086,68.24339797,56.05366043,74.3165578,84.74440109,66.63380787,57.1185977
3,30.69943319,58.70902681,85.14348849,103.2829296,85.56859256,121.804563,142.2919796,159.0724579,76.30188701,104.1705372,80.81744727,67.45161159,67.13812151,90.42298341,67.98301482,55.96384489,59.05321586,76.86815304,62.73511968,52.48611663
3,42.99255175,74.54155676,99.11897279,115.1438192,103.0534804,141.9832321,168.3987152,189.9731466,95.37646361,119.1532324,97.33170109,84.87660467,85.07366102,98.10784206,71.97042952,58.67164239,74.35546797,80.66185631,62.12947953,51.65416955
3,42.84354187,79.89438797,109.4434245,127.3822283,102.0943325,140.2995461,159.1262067,174.5997543,94.48432457,121.8027809,91.39787968,78.2725568,86.78192191,105.1411358,72.56380111,60.02111157,80.08993612,90.0932048,66.96964004,57.19420783
3,49.77024739,85.91719647,114.0158952,131.6144896,106.2102057,144.5250793,165.5380668,182.7278095,93.32742136,121.6349691,93.47347381,76.01091374,81.67419458,106.1527566,76.04373025,57.8189077,72.47859146,90.12726742,70.78595454,56.35420686
3,38.03400069,73.87949151,97.24014045,109.2547242,104.7541249,142.6951004,162.3470926,177.865297,98.03126446,119.7356438,89.47475025,76.90389108,89.44274104,98.69880259,69.24116165,60.19628013,80.44458887,80.3264179,58.9450703,52.1690337
4,39.07048811,77.3897838,106.8791301,127.7536266,99.04538329,136.0752256,128.742322,121.350994,94.93904447,124.9817477,93.65634763,73.72463697,91.21864417,117.5462456,86.76237577,65.63820531,91.25369423,124.8914988,145.3989728,167.1125191
4,42.98781245,81.45538285,110.5839017,129.8229449,99.16320489,132.1950368,115.4007746,101.6801192,95.09941788,122.9171462,90.24784781,71.85343567,91.83851312,112.636966,80.01936998,59.161456,94.11092902,124.5162434,142.0104338,163.8046959
4,31.76159088,68.06522131,95.22935631,116.6145003,89.54316472,123.0762363,129.3220363,135.9162158,83.4951613,105.1321156,74.25508282,56.69525203,78.398217,92.56889793,58.85490042,37.66714347,78.98704524,101.6402437,116.154313,135.2316973
4,35.97175404,65.53017039,87.46686796,97.87689554,82.58766716,98.30173253,82.04390359,72.51767827,76.67266018,87.12136726,58.54599302,46.33310858,72.49086051,75.16645275,45.89586418,32.71752262,71.52498842,91.94634196,105.8764678,122.1737716
4,36.30430664,70.01926296,95.82359931,111.4509048,89.57664808,117.5193973,109.4863475,104.6835492,84.88047679,105.534537,77.46848988,64.14710955,81.00692831,95.45846528,66.26283575,50.0478066,81.36456572,107.3343168,125.1222349,146.2213263
4,43.09519196,79.85147002,108.3400228,121.1601145,102.8078427,131.0423924,110.2211043,96.95060594,98.18621005,122.5354504,88.10659587,72.87269136,93.88214023,114.0211433,77.89398969,58.902418,92.32184256,126.6371195,145.8641556,168.1283841
4,38.66558108,74.36863761,98.91460311,108.1915527,94.23046242,127.2764096,117.7237772,110.2875415,88.99481197,114.8571273,86.62846578,72.28237164,85.58240629,104.4454369,73.90822335,54.35052637,87.18924233,113.0996596,130.5351403,152.589519
4,44.11222237,82.14078333,112.0880007,128.3774585,102.9148668,135.8122618,121.8172466,112.8199617,96.11623666,124.2323998,92.56778447,78.17652019,91.05005723,112.6919733,78.96100921,60.42389566,91.43085074,124.146728,143.5084098,166.2469967
4,44.33117735,84.39929403,113.6741497,127.7352813,108.3802198,144.2423166,132.6006214,123.696631,102.3363597,133.1234017,102.7249249,86.46166395,98.14101008,121.0253842,89.08681797,67.71080505,100.8630854,129.9265777,150.9365091,176.6493246
4,53.81453825,93.55535403,120.327389,131.4570773,124.5659075,165.8877547,165.4358199,164.7215838,117.0923374,144.4531836,115.5718147,96.82670972,105.4716316,127.5833008,96.59985674,77.51086683,92.43331195,121.5909889,142.3597476,165.9247136
4,29.6873879,58.53862374,84.59854642,106.2529859,94.00915889,117.3745526,103.0638148,98.00773058,88.47455209,113.6840672,85.20829003,73.73477154,84.84842805,101.5931447,70.0278086,52.44954047,85.1730747,114.0733284,133.3085081,154.1483755
4,37.60831304,72.22355558,99.47132752,113.914565,110.7849566,137.614633,116.1027931,104.7140411,106.8505067,137.3038623,103.2812211,86.79971768,103.554223,124.4820658,90.55992018,69.31376387,106.0202929,135.8144106,157.0616765,181.2030221
4,36.96584867,68.0754998,89.64496595,102.4990872,102.5413004,127.6258619,105.7204418,91.91073331,98.43154467,126.2735522,94.27130104,77.61765336,95.0122648,116.6558845,84.20448698,63.5768045,94.49347687,127.1443763,147.9324712,168.8460729
4,31.18766849,66.02283457,94.40478455,113.7001846,103.2080848,127.803408,105.0719957,92.33477409,96.91243964,123.5949727,95.66362507,80.30582435,92.25737845,112.7134519,85.92768483,67.8879891,92.61236696,119.9655201,141.5502163,165.6681332
4,28.49031352,58.01427321,84.13221345,101.4435735,92.34068442,121.5973633,103.8206894,94.00772201,88.38984553,118.731039,95.03797159,83.15673735,84.18599141,106.329605,83.24421345,70.12853288,82.41602195,106.5047241,124.5518836,146.3336537
4,23.29991395,46.51669549,64.35653591,74.45685739,78.0460336,88.6293889,66.08244812,58.56526588,72.91476749,86.52439152,56.90473217,46.9133827,68.57988057,76.37695401,46.88999306,32.73299076,67.56585516,90.41003866,102.9734465,117.5284306
4,20.43608928,45.95385265,71.51244945,92.16733598,88.54983994,101.7017883,80.49755046,73.45965165,83.56039598,100.3486435,70.19467879,59.25450162,77.33475573,90.00197485,60.04483039,44.93922893,75.19596611,96.62828953,108.7743054,125.6596656
4,28.15920271,52.09611798,71.50046787,88.46119473,83.92564906,101.0683519,84.37013358,77.72707355,78.24499,97.39654426,71.2083299,60.51572534,75.00039791,87.35858495,60.38033588,45.44453548,75.2420877,100.0210485,118.2010077,137.235203
4,25.24921954,51.03299605,73.68922808,87.22371518,85.08579875,100.1908837,79.53239036,73.27053411,79.50203398,98.30547316,68.94516955,58.562324,74.62739444,87.87220165,59.63183151,45.51923393,73.42255715,97.17745291,109.8594904,125.3976017
4,34.81562634,64.83593534,84.41300427,91.61578769,80.42634134,104.7515336,87.86390498,75.11752456,76.00996646,100.3180515,75.00908151,59.88441659,73.313533,93.30760076,70.12313964,52.18561333,77.33008427,100.4378275,116.6562264,134.8361499
5,40.52015879,79.51735668,109.9632844,130.171948,119.8083904,157.8400286,175.1060155,183.0855532,117.844595,163.521818,166.2391831,161.3799916,112.1922523,155.0669481,152.0026874,143.7140421,103.8332733,135.6716297,137.0478282,131.7143103
5,42.59675643,81.55998964,112.9497064,135.6374772,118.9570207,155.9669225,172.3810181,180.3736134,117.8713461,163.6401223,170.7845433,168.3808799,113.5631502,158.7067207,158.6162185,150.8624777,106.1298471,140.5283089,143.767949,138.8712266
5,28.01178851,56.80282216,80.87984339,98.1081476,89.85621852,124.0925865,124.3286641,117.201639,87.06341576,123.5270196,108.7734532,90.75227517,83.44354799,117.7097166,100.8846046,81.47237346,80.79653415,107.2808284,99.10636063,84.11128457
5,34.44556156,60.65629348,80.12045596,95.63858912,80.13269092,99.82027023,91.58681371,83.22778936,73.03693774,91.95982375,74.34420614,63.20001675,65.10075802,80.1092112,58.80171877,45.61938702,59.75405204,67.03120273,49.95807663,36.76818518
5,33.2873324,59.46565832,80.8857685,102.0810197,72.69683857,91.60591472,94.53189215,98.59466949,66.1643754,82.6739519,78.96773811,79.3260172,57.46378719,69.22735857,61.76194801,60.93783883,48.6833601,53.97639557,45.17922473,42.76835163
5,37.85162215,75.8088803,103.2134276,119.6607929,109.0799849,143.7187928,127.8488527,111.9413577,101.6993856,138.1106526,109.0754639,88.56824682,94.54246144,126.9525048,97.30702312,76.92226492,90.2717663,112.7216879,93.26770221,76.08993521
5,46.56825987,90.78771608,127.63778,157.0761103,132.504044,175.3046114,193.1226825,200.444813,129.6566946,180.1432261,168.8350946,151.2225291,125.9081368,173.227752,157.2597975,137.3096786,121.2505396,157.9346542,150.4473191,132.5283648
5,40.91686811,66.96976279,81.17840324,88.12759207,81.39382689,105.739764,99.14498462,90.61815923,72.40603987,96.31568005,78.34087045,65.72612592,65.06914544,84.17248434,64.33805511,51.00305808,61.17927108,72.64993144,58.74419788,47.39758418
5,49.32589734,96.12059464,134.2713168,160.4914879,139.0918281,184.3388429,203.323358,212.0794551,138.5340633,192.3320239,202.0275204,201.3231838,132.5758612,183.4098194,186.66466,181.6608573,122.5580712,160.4308988,166.0826801,163.4826418
5,53.46575432,103.9879428,140.4521036,162.5548426,160.2387093,210.5233872,225.0917282,227.8419608,157.3115351,214.56511,202.1340718,183.9351218,150.2377186,203.7691542,182.37255,159.4250837,139.2824658,179.7132326,168.4704493,150.6839318
5,37.16309213,73.33161315,105.8455177,128.7434304,111.6068942,150.0254142,154.6566905,151.7119786,111.3278064,154.984414,149.8647164,141.9652739,108.2698057,147.3003524,134.7205657,123.9548708,103.2319278,132.0051216,125.9789972,117.9878399
5,34.12713418,68.56015268,100.2989587,126.8397975,104.6799322,140.055251,146.7373216,144.169966,102.3603085,142.716153,142.8638915,134.2962958,99.08280872,135.4401492,132.5286188,124.9130254,95.54760205,122.0202623,122.7721319,118.5939406
5,31.77697641,66.3459307,98.26719764,128.6193748,112.5773816,148.4467621,147.5150269,138.4756652,109.3208187,144.5578387,140.1693934,131.2383242,104.3408666,133.7981729,130.7054142,125.6922247,100.4806807,122.221002,123.5788124,122.0051237
5,36.12809609,73.34331059,104.3320165,122.6220078,109.6298567,145.5392345,149.5429928,144.8529742,108.9629544,152.1710837,149.6354465,138.8012463,106.2753546,143.5248784,131.6985046,119.0258315,101.7221273,127.7862246,120.7182267,110.9746997
5,25.95239233,53.65136511,78.89728734,103.7850894,92.48564401,121.0715274,125.2790428,118.1163781,89.58782634,122.8786044,123.4097151,114.2527286,85.25845583,112.5710417,112.0243244,106.4073237,81.54708077,100.5320415,102.2147216,99.39564261
5,32.67117538,68.31130554,88.39727469,84.31662253,99.87742663,132.8263024,117.1851185,104.476356,95.84517498,130.6350731,106.9021253,91.85758636,89.74777328,121.6890017,97.04245519,82.02092564,83.46174716,106.169201,89.11872562,75.05622651
5,39.11105563,78.75003764,112.3226192,138.1980945,117.9300632,152.269212,158.1240165,157.0042093,115.7968322,159.1495416,158.1374261,150.1442299,111.1563856,151.0117248,144.1490478,134.2513924,104.2527184,131.4542822,128.1460802,121.2344657
5,37.60403983,74.77147427,104.7998414,125.3397236,105.7187747,139.2310081,144.4372529,144.0230827,104.5040482,145.1825359,144.1955189,136.4625764,99.7888685,137.4014756,130.1372674,118.0891295,92.41837294,118.1509234,113.7333796,103.9076743
5,41.23241175,78.39693735,108.0728063,130.778876,108.472775,144.5015366,147.0566797,147.2734792,103.5995572,139.9631076,129.7229293,119.7080355,94.23175312,126.5500511,114.4399884,103.8845453,82.62773981,105.9496393,98.22656894,88.58723228
5,40.55059889,75.79707937,104.8344842,126.688646,108.206169,141.0850808,155.0918501,159.0209793,108.7738214,150.0999268,158.1179618,152.6726834,105.040514,144.3555455,146.4106679,137.4139376,98.12190764,126.1408729,129.6123843,123.5304955
6,34.72462614,77.34932507,114.1591482,143.1577106,114.4917607,157.072249,186.7818761,213.3846021,116.8169055,164.9597941,201.1270449,230.3967254,111.9125391,155.3136193,188.0138557,215.5997973,100.9962203,136.0950489,160.568356,186.3823124
6,35.89404314,75.65629616,108.3416716,135.6863661,109.6713219,148.163241,174.7712931,198.6084389,109.1934563,154.1052172,186.7920771,212.4589934,102.594137,141.476518,170.328288,194.7135351,89.5978413,117.8642892,138.3125843,160.1324121
6,37.97927471,79.8763911,112.3252005,133.2942239,110.1626888,148.4360777,174.2361625,197.0991406,108.3867557,152.6250348,183.9130236,208.8715167,102.4307376,141.6317557,169.4188944,192.3675908,92.02459749,122.808988,143.7570654,164.6491248
6,44.49010015,90.07194465,125.3518332,155.9944966,120.4042152,158.0557,182.0760885,203.1355332,119.0565754,159.9096187,188.6338919,212.0339591,113.2049424,147.8811669,174.26733,198.0415865,102.3093221,129.4455476,148.604092,169.8206263
6,33.54966319,77.02272677,112.8534892,138.9099924,124.328817,164.6850652,191.7826219,216.8272645,126.0262698,172.2033587,205.7949521,233.3824068,119.7418215,161.662845,191.9635501,217.9289191,107.0485482,138.9924793,161.3633376,185.6363595
6,35.47842056,77.55148058,113.6054524,142.9400036,115.3786542,157.3810183,184.7999563,208.2362728,113.650212,160.9825469,194.9185478,220.9042964,105.871557,149.6372342,181.2070213,206.3335533,93.44155904,126.8500385,150.4036363,174.3581809
6,25.35372186,57.04753862,81.30489685,99.68951759,88.75973425,117.5221078,135.3817498,151.2511903,89.34114292,120.7764922,142.9868463,160.1007259,84.86318036,112.8954735,133.6503197,151.0594802,75.58705108,97.81569135,114.6205417,132.4593774
6,29.91571123,64.39837944,92.16914497,114.0284529,96.55418165,131.3156248,154.1749789,173.6996377,93.90317276,132.5644356,159.9630091,180.913971,86.69410427,120.7853195,145.2592095,164.604858,76.18012858,101.2175379,118.662191,135.979334
6,28.11319484,60.14478316,89.01047923,115.4877356,92.81444001,126.8278067,149.2321437,168.3366783,93.3350401,132.8638586,161.1446362,182.8185881,87.77665157,125.0663544,152.0652352,173.8734899,77.39137286,104.5687088,123.2258898,143.0958905
6,25.87127233,49.85026692,71.20899463,90.01739224,68.98969899,96.52119404,114.9089719,129.9339675,68.55029953,102.3145027,124.4966025,141.9125563,65.27273445,97.58167369,119.530382,136.9987461,59.9962099,86.04922865,102.8030528,119.4442347
6,33.90823758,75.10774211,107.3467598,132.377479,104.3979345,138.6820785,159.8837626,178.740794,105.2342137,143.0766179,168.727814,189.6936279,100.6400371,133.6118497,157.0802571,178.0246708,90.22561644,116.1825594,133.9335394,153.7628764
6,35.89099916,72.60080196,104.0533766,133.9819774,98.6797452,134.049243,158.7511941,180.4742258,92.74403692,131.7517112,160.0340101,182.6215932,84.55046728,118.4595119,144.0609594,164.5561588,76.43930674,101.254557,119.9299084,137.8408536
6,38.48601037,80.38216319,115.1086868,142.323115,110.712383,144.9539283,168.4261165,189.0823546,109.3332006,147.3900384,175.6739494,198.2425773,103.1444869,138.5936682,165.6297681,187.9713676,92.3601738,119.433251,139.2168189,159.3187973
6,28.4106028,57.45386366,82.72099732,105.7290005,78.76786761,107.6629873,127.6601447,144.5769058,75.46231006,107.6930794,130.4203701,148.5503735,70.22227862,98.54345609,119.2148762,135.9644602,63.9948781,85.50340104,100.8247385,115.7794872
6,33.49086531,69.93810102,100.4903248,127.5054559,99.06020773,131.0785737,152.6950909,171.4477278,96.97367779,131.5945247,156.5760239,176.750525,92.18155506,122.4936629,145.7565518,164.9782214,85.67988578,108.576545,125.0265162,141.5262917
6,34.97212898,70.43701926,100.9370378,127.7993311,94.73764415,123.709523,145.1305271,164.3377572,92.23424728,124.7321185,149.5798347,169.8157883,86.78134647,116.3012413,139.7066879,158.693705,79.31804918,102.2190473,119.7402009,136.5720657
6,34.32033162,71.50800045,102.855145,129.7961454,105.3252909,139.9940534,163.8120293,184.3003704,103.4498722,141.5797176,169.4822115,191.4602271,98.15190315,132.502498,158.216277,178.9670432,90.68673417,116.7689166,135.4288138,153.9178939
6,29.98879068,61.20328299,87.34252438,107.9542926,81.75537367,107.8403902,126.3828229,142.5566576,79.95768781,109.2186656,131.7543064,149.8244613,75.42486324,102.4199369,123.9726756,141.4434587,68.43274744,89.31080174,105.0571285,120.6993601
6,33.14904473,67.99474124,96.9517714,120.8057616,92.80937993,123.3634288,144.4313318,161.9212651,90.36165566,124.4736377,149.5430258,168.9437493,84.78629139,115.6601609,138.8005528,156.9588129,76.97066871,100.3266787,117.6924025,134.8810119
6,33.83941689,73.91993185,106.9040073,131.3310787,103.6678237,137.0435762,160.0733283,180.78527,103.5169694,140.5702701,168.9239787,191.890901,98.24388183,132.0737131,158.1674669,180.2789381,88.06816212,113.2600424,131.4915485,150.8659494
6,29.80461976,64.153486,93.38479758,116.6660402,92.00295059,122.1004075,143.2704341,161.9053802,91.95382623,124.6444517,150.1304111,169.825515,87.8979587,118.1769351,141.9601689,160.7417798,80.67183992,103.2037534,120.1824731,137.1857516
6,33.77013381,71.8311318,103.6740957,127.8036327,99.68507285,131.6983961,153.0960758,171.8663256,99.50472999,134.2375521,159.2954925,179.1895267,95.14619498,126.684371,149.7081738,168.5832043,87.11352568,111.009417,127.6335615,144.2734202